tic,arm,P_true,Rp,b,period_min,sde,period_hat,recovered,period_ok,sde_ok
439455229,A_edge_pmin0.5,0.5,8,0.6,0.5,18.89655112711754,1.0005285980660497,False,True,True
439455229,B_extended_pmin0.3,0.5,8,0.6,0.3,18.89655112711754,1.0005285980660497,False,True,True
92258567,C_offnode_P0.62_pmin0.5,0.62,8,0.0,0.5,38.91338788290153,0.6200751539784424,True,True,True
92258567,A_edge_pmin0.5,0.5,8,0.0,0.5,22.687657749968448,1.0004002209977334,False,True,True
92258567,B_extended_pmin0.3,0.5,8,0.0,0.3,22.687657749968448,1.0004002209977334,False,True,True
439455229,C_offnode_P0.62_pmin0.5,0.62,8,0.6,0.5,23.526939144878675,0.6198947009041548,True,True,True
3990356,A_edge_pmin0.5,0.5,8,0.0,0.5,17.27327848220211,1.0005274797663173,False,True,True
3990356,C_offnode_P0.62_pmin0.5,0.62,8,0.0,0.5,10.930191106791614,0.6198939595305827,True,True,True
3990356,B_extended_pmin0.3,0.5,8,0.0,0.3,17.27327848220211,1.0005274797663173,False,True,True
101963736,A_edge_pmin0.5,0.5,8,0.6,0.5,23.716893538552497,1.0003297938534803,True,True,True
220407530,C_offnode_P0.62_pmin0.5,0.62,8,0.3,0.5,34.87020616262378,0.6199032353209318,True,True,True
101963736,B_extended_pmin0.3,0.5,8,0.6,0.3,23.716893538552497,1.0003297938534803,True,True,True
220407530,B_extended_pmin0.3,0.5,8,0.3,0.3,32.50757826299996,0.9998564060819696,True,True,True
220407530,A_edge_pmin0.5,0.5,8,0.3,0.5,32.50757826299996,0.9998564060819696,True,True,True
101963736,C_offnode_P0.62_pmin0.5,0.62,8,0.6,0.5,25.8296921310653,0.6201970951486143,True,True,True
182521219,A_edge_pmin0.5,0.5,8,0.0,0.5,24.494910414672425,0.9996265095935749,True,True,True
182521219,C_offnode_P0.62_pmin0.5,0.62,8,0.0,0.5,26.312985935070532,0.6202235937469773,True,True,True
182521219,B_extended_pmin0.3,0.5,8,0.0,0.3,24.494910414672425,0.9996265095935749,True,True,True
372848247,A_edge_pmin0.5,0.5,8,0.3,0.5,43.007100775117486,0.9998545429200789,False,True,True
372848247,C_offnode_P0.62_pmin0.5,0.62,8,0.3,0.5,60.35184546307352,0.6199020297541348,True,True,True
372848247,B_extended_pmin0.3,0.5,8,0.3,0.3,43.007100775117486,0.9998545429200789,False,True,True
237356492,A_edge_pmin0.5,0.5,8,0.3,0.5,19.099741447847613,1.0005710441184246,True,True,True
237356492,B_extended_pmin0.3,0.5,8,0.3,0.3,19.099741447847613,1.0005710441184246,True,True,True
237356492,C_offnode_P0.62_pmin0.5,0.62,8,0.3,0.5,27.018055452737126,0.6199228404392767,True,True,True
389131517,A_edge_pmin0.5,0.5,8,0.6,0.5,22.905849863968758,1.0004799330832341,True,True,True
389131517,B_extended_pmin0.3,0.5,8,0.6,0.3,22.905849863968758,1.0004799330832341,True,True,True
389131517,C_offnode_P0.62_pmin0.5,0.62,8,0.6,0.5,26.79062539509084,0.6201317686255745,True,True,True
231627272,A_edge_pmin0.5,0.5,8,0.0,0.5,18.28471323509779,1.0004728256814006,True,True,True
231627272,B_extended_pmin0.3,0.5,8,0.0,0.3,18.28471323509779,1.0004728256814006,True,True,True
231627272,C_offnode_P0.62_pmin0.5,0.62,8,0.0,0.5,12.266174046013955,0.6201271033161329,True,True,True
144308900,A_edge_pmin0.5,0.5,8,0.3,0.5,23.50855408640182,0.9996272409445901,True,True,True
144308900,B_extended_pmin0.3,0.5,8,0.3,0.3,23.50855408640182,0.9996272409445901,True,True,True
144308900,C_offnode_P0.62_pmin0.5,0.62,8,0.3,0.5,27.24857390258588,0.6202568571896776,True,True,True
231704229,A_edge_pmin0.5,0.5,8,0.6,0.5,26.668273640455944,0.9996346841954065,True,True,True
231704229,B_extended_pmin0.3,0.5,8,0.6,0.3,26.668273640455944,0.9996346841954065,True,True,True
231704229,C_offnode_P0.62_pmin0.5,0.62,8,0.6,0.5,38.8988897415548,0.6202289642411031,True,True,True
231862051,A_edge_pmin0.5,0.5,8,0.0,0.5,24.38949034357584,1.0003098402521347,True,True,True
231862051,B_extended_pmin0.3,0.5,8,0.0,0.3,24.38949034357584,1.0003098402521347,True,True,True
231862051,C_offnode_P0.62_pmin0.5,0.62,8,0.0,0.5,29.48798162255229,0.6201839882023592,True,True,True
63697556,A_edge_pmin0.5,0.5,8,0.3,0.5,22.87623505777001,1.0003350349071651,False,True,True
63697556,B_extended_pmin0.3,0.5,8,0.3,0.3,22.87623505777001,1.0003350349071651,False,True,True
63697556,C_offnode_P0.62_pmin0.5,0.62,8,0.3,0.5,28.374352680395763,0.6202005378487944,True,True,True
200657905,A_edge_pmin0.5,0.5,8,0.6,0.5,19.309128620781877,1.0002915204149812,False,True,True
200657905,C_offnode_P0.62_pmin0.5,0.62,8,0.6,0.5,15.301638678781192,0.6201719544441939,True,True,True
200657905,B_extended_pmin0.3,0.5,8,0.6,0.3,19.309128620781877,1.0002915204149812,False,True,True
198005341,A_edge_pmin0.5,0.5,8,0.0,0.5,17.628003252863003,1.0005585962399124,False,True,True
198005341,B_extended_pmin0.3,0.5,8,0.0,0.3,17.628003252863003,1.0005585962399124,False,True,True
198005341,C_offnode_P0.62_pmin0.5,0.62,8,0.0,0.5,14.409343753363371,0.6199145881307068,True,True,True
115693639,A_edge_pmin0.5,0.5,8,0.3,0.5,23.860176468306033,1.0003313624908885,True,True,True
115693639,B_extended_pmin0.3,0.5,8,0.3,0.3,23.860176468306033,1.0003313624908885,True,True,True
115693639,C_offnode_P0.62_pmin0.5,0.62,8,0.3,0.5,28.701710081273824,0.6201981255421093,True,True,True
380858160,A_edge_pmin0.5,0.5,8,0.0,0.5,21.375600365437283,1.0003112754318169,False,True,True
380858160,B_extended_pmin0.3,0.5,8,0.0,0.3,21.375600365437283,1.0003112754318169,False,True,True
380858160,C_offnode_P0.62_pmin0.5,0.62,8,0.0,0.5,16.66782009809203,0.6201849309299884,True,True,True
469939625,A_edge_pmin0.5,0.5,8,0.3,0.5,24.741700498344027,1.000299098928317,False,True,True
469939625,B_extended_pmin0.3,0.5,8,0.3,0.3,24.741700498344027,1.000299098928317,False,True,True
469939625,C_offnode_P0.62_pmin0.5,0.62,8,0.3,0.5,27.82810373283547,0.6201769325432434,True,True,True
279091165,A_edge_pmin0.5,0.5,8,0.6,0.5,8.198781298449193,8.504529566596444,False,False,False
279091165,B_extended_pmin0.3,0.5,8,0.6,0.3,8.198781298449193,8.504529566596444,False,False,False
279091165,C_offnode_P0.62_pmin0.5,0.62,8,0.6,0.5,13.725416706028764,0.6199001432488294,True,True,True
406353865,A_edge_pmin0.5,0.5,8,0.3,0.5,21.509391912057254,1.0003420665758354,True,True,True
197985569,A_edge_pmin0.5,0.5,8,0.0,0.5,22.136866517440613,0.999633567190436,False,True,True
197985569,B_extended_pmin0.3,0.5,8,0.0,0.3,22.136866517440613,0.999633567190436,False,True,True
197985569,C_offnode_P0.62_pmin0.5,0.62,8,0.0,0.5,22.781941317442822,0.6202282303986288,True,True,True
406353865,B_extended_pmin0.3,0.5,8,0.3,0.3,21.509391912057254,1.0003420665758354,True,True,True
406353865,C_offnode_P0.62_pmin0.5,0.62,8,0.3,0.5,28.420225298129694,0.6197710412809366,True,True,True
370324466,A_edge_pmin0.5,0.5,8,0.6,0.5,23.997339073925847,0.9996410357647346,False,True,True
370324466,B_extended_pmin0.3,0.5,8,0.6,0.3,23.997339073925847,0.9996410357647346,False,True,True
370324466,C_offnode_P0.62_pmin0.5,0.62,8,0.6,0.5,25.821182679028723,0.6202331370537885,True,True,True
206350311,A_edge_pmin0.5,0.5,8,0.6,0.5,37.11893808006229,1.000144050086204,False,True,True
206350311,B_extended_pmin0.3,0.5,8,0.6,0.3,37.11893808006229,1.000144050086204,False,True,True
206350311,C_offnode_P0.62_pmin0.5,0.62,8,0.6,0.5,47.18948523799808,0.6200315616495155,True,True,True
20923934,A_edge_pmin0.5,0.5,8,0.6,0.5,20.63175031005031,1.0003406697457944,True,True,True
20923934,B_extended_pmin0.3,0.5,8,0.6,0.3,20.63175031005031,1.0003406697457944,True,True,True
20923934,C_offnode_P0.62_pmin0.5,0.62,8,0.6,0.5,25.62119350384159,0.6197701152699003,True,True,True
115284339,A_edge_pmin0.5,0.5,8,0.0,0.5,18.46801887175566,1.0005233261091322,False,True,True
183645350,A_edge_pmin0.5,0.5,8,0.0,0.5,10.001615838741476,1.5018540244146097,False,True,False
220436741,A_edge_pmin0.5,0.5,8,0.3,0.5,31.287409726538407,0.9998623409630468,False,True,True
115284339,B_extended_pmin0.3,0.5,8,0.0,0.3,18.46801887175566,1.0005233261091322,False,True,True
115284339,C_offnode_P0.62_pmin0.5,0.62,8,0.0,0.5,22.788341734099294,0.6198912058761314,True,True,True
183645350,C_offnode_P0.62_pmin0.5,0.62,8,0.0,0.5,7.221525945633959,1.5091407649175628,False,False,False
183645350,B_extended_pmin0.3,0.5,8,0.0,0.3,10.001615838741476,1.5018540244146097,False,True,False
206435948,A_edge_pmin0.5,0.5,8,0.3,0.5,17.312392725854025,0.9993046266106389,True,True,True
206435948,B_extended_pmin0.3,0.5,8,0.3,0.3,17.312392725854025,0.9993046266106389,True,True,True
206435948,C_offnode_P0.62_pmin0.5,0.62,8,0.3,0.5,20.213519071720423,0.6200232017210388,True,True,True
220436741,B_extended_pmin0.3,0.5,8,0.3,0.3,31.287409726538407,0.9998623409630468,False,True,True
246883482,A_edge_pmin0.5,0.5,8,0.6,0.5,24.625783158211338,1.0003503082219318,False,True,True
220436741,C_offnode_P0.62_pmin0.5,0.62,8,0.3,0.5,20.774825750212,0.619907075511639,True,True,True
246883482,B_extended_pmin0.3,0.5,8,0.6,0.3,24.625783158211338,1.0003503082219318,False,True,True
246883482,C_offnode_P0.62_pmin0.5,0.62,8,0.6,0.5,33.715062901139454,0.6202105704649032,True,True,True
149838741,A_edge_pmin0.5,0.5,8,0.0,0.5,24.37090866109077,1.0002971979571391,True,True,True
149838741,B_extended_pmin0.3,0.5,8,0.0,0.3,24.37090866109077,1.0002971979571391,True,True,True
149838741,C_offnode_P0.62_pmin0.5,0.62,8,0.0,0.5,30.34515530782078,0.620175683851819,True,True,True
262824477,A_edge_pmin0.5,0.5,8,0.3,0.5,22.634731626249,0.999654938012881,False,True,True
262824477,B_extended_pmin0.3,0.5,8,0.3,0.3,22.634731626249,0.999654938012881,False,True,True
262824477,C_offnode_P0.62_pmin0.5,0.62,8,0.3,0.5,28.559045039781946,0.6202422704684486,True,True,True
160080353,A_edge_pmin0.5,0.5,8,0.6,0.5,22.805535913664396,1.0002869906429241,False,True,True
160080353,B_extended_pmin0.3,0.5,8,0.6,0.3,22.805535913664396,1.0002869906429241,False,True,True
160080353,C_offnode_P0.62_pmin0.5,0.62,8,0.6,0.5,23.737547924799866,0.6201689789734355,True,True,True
267183401,A_edge_pmin0.5,0.5,8,0.0,0.5,21.248425585951185,0.99950605138407,True,True,True
267183401,B_extended_pmin0.3,0.5,8,0.0,0.3,21.248425585951185,0.99950605138407,True,True,True
267183401,C_offnode_P0.62_pmin0.5,0.62,8,0.0,0.5,20.606010914151614,0.6201444562724672,True,True,True
197955324,A_edge_pmin0.5,0.5,8,0.6,0.5,20.820638739795907,1.0004928920668466,True,True,True
410442002,A_edge_pmin0.5,0.5,8,0.3,0.5,21.353361920405163,1.000473734507989,False,True,True
410442002,B_extended_pmin0.3,0.5,8,0.3,0.3,21.353361920405163,1.000473734507989,False,True,True
410442002,C_offnode_P0.62_pmin0.5,0.62,8,0.3,0.5,17.80751175003904,0.6201276998711734,True,True,True
160197441,A_edge_pmin0.5,0.5,8,0.3,0.5,17.290401284651644,1.0005253248521222,False,True,True
160197441,B_extended_pmin0.3,0.5,8,0.3,0.3,17.290401284651644,1.0005253248521222,False,True,True
197955324,B_extended_pmin0.3,0.5,8,0.6,0.3,20.820638739795907,1.0004928920668466,True,True,True
197955324,C_offnode_P0.62_pmin0.5,0.62,8,0.6,0.5,25.483967509816445,0.6201329814967145,True,True,True
160197441,C_offnode_P0.62_pmin0.5,0.62,8,0.3,0.5,14.060465592334198,0.6206425784822249,True,True,True
207090424,A_edge_pmin0.5,0.5,8,0.0,0.5,21.801969726431626,1.000338271679834,True,True,True
207090424,B_extended_pmin0.3,0.5,8,0.0,0.3,21.801969726431626,1.000338271679834,True,True,True
207090424,C_offnode_P0.62_pmin0.5,0.62,8,0.0,0.5,19.523437833518294,0.6202026639939712,True,True,True
79405368,A_edge_pmin0.5,0.5,8,0.6,0.5,22.640150911967666,0.9996091935727109,False,True,True
79405368,B_extended_pmin0.3,0.5,8,0.6,0.3,22.640150911967666,0.9996091935727109,False,True,True
79405368,C_offnode_P0.62_pmin0.5,0.62,8,0.6,0.5,28.614206269149573,0.6202122175953848,True,True,True
197830265,A_edge_pmin0.5,0.5,8,0.0,0.5,21.040394692334132,1.000464127944718,False,True,True
197830265,C_offnode_P0.62_pmin0.5,0.62,8,0.0,0.5,14.692512662709051,0.6197502870042743,True,True,True
197830265,B_extended_pmin0.3,0.5,8,0.0,0.3,21.040394692334132,1.000464127944718,False,True,True
161306328,A_edge_pmin0.5,0.5,8,0.3,0.5,21.441950894723295,0.9996533826683821,False,True,True
98672854,A_edge_pmin0.5,0.5,8,0.6,0.5,17.542444325189162,1.0003475177397128,False,True,True
98672854,B_extended_pmin0.3,0.5,8,0.6,0.3,17.542444325189162,1.0003475177397128,False,True,True
98672854,C_offnode_P0.62_pmin0.5,0.62,8,0.6,0.5,12.889756171394742,0.6205245779759819,True,True,True
161306328,B_extended_pmin0.3,0.5,8,0.3,0.3,21.441950894723295,0.9996533826683821,False,True,True
161306328,C_offnode_P0.62_pmin0.5,0.62,8,0.3,0.5,19.193661263496963,0.6202412486472351,True,True,True
98609758,A_edge_pmin0.5,0.5,8,0.6,0.5,19.579679978999437,1.00018525901218,False,True,True
70723782,A_edge_pmin0.5,0.5,8,0.3,0.5,22.61222984701518,1.0003222315613196,False,True,True
70723782,B_extended_pmin0.3,0.5,8,0.3,0.3,22.61222984701518,1.0003222315613196,False,True,True
98609758,B_extended_pmin0.3,0.5,8,0.6,0.3,19.579679978999437,1.00018525901218,False,True,True
70723782,C_offnode_P0.62_pmin0.5,0.62,8,0.3,0.5,23.357267186807466,0.6201921276945523,True,True,True
98609758,C_offnode_P0.62_pmin0.5,0.62,8,0.6,0.5,21.252608297974696,0.6196670882905574,True,True,True
101017159,A_edge_pmin0.5,0.5,8,0.0,0.5,19.431477726988035,0.9993116106612381,False,True,True
101017159,B_extended_pmin0.3,0.5,8,0.0,0.3,19.431477726988035,0.9993116106612381,False,True,True
101017159,C_offnode_P0.62_pmin0.5,0.62,8,0.0,0.5,34.39392013957105,0.6200278373775833,True,True,True
266784171,A_edge_pmin0.5,0.5,8,0.3,0.5,18.5140637751013,1.0005621031051828,False,True,True
266784171,B_extended_pmin0.3,0.5,8,0.3,0.3,18.5140637751013,1.0005621031051828,False,True,True
396695653,A_edge_pmin0.5,0.5,8,0.6,0.5,18.272070539137303,1.0007200024721934,True,True,True
266784171,C_offnode_P0.62_pmin0.5,0.62,8,0.3,0.5,25.61685391891397,0.6199169130027138,True,True,True
396695653,B_extended_pmin0.3,0.5,8,0.6,0.3,18.272070539137303,1.0007200024721934,True,True,True
396695653,C_offnode_P0.62_pmin0.5,0.62,8,0.6,0.5,23.161052332775967,0.6200215928480642,True,True,True
267090033,A_edge_pmin0.5,0.5,8,0.0,0.5,22.876268822015938,0.9996256729335116,False,True,True
267090033,B_extended_pmin0.3,0.5,8,0.0,0.3,22.876268822015938,0.9996256729335116,False,True,True
267090033,C_offnode_P0.62_pmin0.5,0.62,8,0.0,0.5,25.93774520892152,0.6202230440839227,True,True,True
304102181,A_edge_pmin0.5,0.5,8,0.0,0.5,36.15931875259053,0.9997998202204664,False,True,True
304102181,B_extended_pmin0.3,0.5,8,0.0,0.3,36.15931875259053,0.9997998202204664,False,True,True
304102181,C_offnode_P0.62_pmin0.5,0.62,8,0.0,0.5,57.01545621440836,0.6200001636840806,True,True,True
80260513,A_edge_pmin0.5,0.5,8,0.0,0.5,21.136498719290003,1.0003161064169546,True,True,True
80260513,B_extended_pmin0.3,0.5,8,0.0,0.3,21.136498719290003,1.0003161064169546,True,True,True
183594608,A_edge_pmin0.5,0.5,8,0.6,0.5,34.642814792022826,0.9997613695582829,True,True,True
299897517,A_edge_pmin0.5,0.5,8,0.3,0.5,36.577569958117415,0.9998178151914424,False,True,True
80260513,C_offnode_P0.62_pmin0.5,0.62,8,0.0,0.5,14.081629404175521,0.620188104263738,True,True,True
299897517,C_offnode_P0.62_pmin0.5,0.62,8,0.3,0.5,45.037370872939164,0.620011793280756,True,True,True
299897517,B_extended_pmin0.3,0.5,8,0.3,0.3,36.577569958117415,0.9998178151914424,False,True,True
183594608,B_extended_pmin0.3,0.5,8,0.6,0.3,34.642814792022826,0.9997613695582829,True,True,True
183594608,C_offnode_P0.62_pmin0.5,0.62,8,0.6,0.5,41.643372934949916,0.6201103617366925,True,True,True
401986029,A_edge_pmin0.5,0.5,8,0.6,0.5,23.285175472611943,1.000286251786645,False,True,True
401986029,B_extended_pmin0.3,0.5,8,0.6,0.3,23.285175472611943,1.000286251786645,False,True,True
401986029,C_offnode_P0.62_pmin0.5,0.62,8,0.6,0.5,26.184137335253425,0.6201684936410972,True,True,True
161223640,A_edge_pmin0.5,0.5,8,0.3,0.5,23.626314480892514,0.999648940354576,False,True,True
161223640,B_extended_pmin0.3,0.5,8,0.3,0.3,23.626314480892514,0.999648940354576,False,True,True
393490406,A_edge_pmin0.5,0.5,8,0.0,0.5,37.028519013051465,0.9998561028429972,True,True,True
101101390,A_edge_pmin0.5,0.5,8,0.6,0.5,17.748286390051295,0.999323343410517,True,True,True
393490406,C_offnode_P0.62_pmin0.5,0.62,8,0.0,0.5,40.18623778465287,0.6199030391088621,True,True,True
161223640,C_offnode_P0.62_pmin0.5,0.62,8,0.3,0.5,28.436305045841497,0.6202383301622415,True,True,True
393490406,B_extended_pmin0.3,0.5,8,0.0,0.3,37.028519013051465,0.9998561028429972,True,True,True
101101390,B_extended_pmin0.3,0.5,8,0.6,0.3,17.748286390051295,0.999323343410517,True,True,True
101101390,C_offnode_P0.62_pmin0.5,0.62,8,0.6,0.5,22.80018222275279,0.6200356249837248,True,True,True
11615061,A_edge_pmin0.5,0.5,8,0.0,0.5,18.374396657024985,1.00052908683582,False,True,True
11615061,B_extended_pmin0.3,0.5,8,0.0,0.3,18.374396657024985,1.00052908683582,False,True,True
11615061,C_offnode_P0.62_pmin0.5,0.62,8,0.0,0.5,21.069231722418778,0.6198950249326802,True,True,True
380858160,A_edge_pmin0.5,0.5,8,0.3,0.5,21.387847863391094,1.0003112754318169,False,True,True
380858160,C_offnode_P0.62_pmin0.5,0.62,8,0.3,0.5,17.117322312648284,0.6201849309299884,True,True,True
380858160,B_extended_pmin0.3,0.5,8,0.3,0.3,21.387847863391094,1.0003112754318169,False,True,True
150359212,A_edge_pmin0.5,0.5,8,0.3,0.5,51.33877922808115,1.0000771098182422,False,True,True
150359212,B_extended_pmin0.3,0.5,8,0.3,0.3,51.33877922808115,1.0000771098182422,False,True,True
150359212,C_offnode_P0.62_pmin0.5,0.62,8,0.3,0.5,63.43029042384451,0.6199248794778942,True,True,True
231831315,A_edge_pmin0.5,0.5,8,0.6,0.5,40.640332053468484,0.9999125021485086,False,True,True
231831315,C_offnode_P0.62_pmin0.5,0.62,8,0.6,0.5,44.38745949665929,0.6201011093102219,True,True,True
231831315,B_extended_pmin0.3,0.5,8,0.6,0.3,40.640332053468484,0.9999125021485086,False,True,True
