task,tic,period_days,radius_rearth,b,cost_full,cost_full_wall,cost_full_cpu_spread,cost_detector,cost_period,cost_tls,cost_comb,fast_path_eligible,routed_in_retime,confirmed_cheap,n_repeats,ge,E_surrogates,cost_detector_leverA,cost_detector_leverAB,cost_comb_leverA,cost_comb_leverAB,cost_comb_free_detector
119,268534632,0.5,1,0.6,21.745648999999993,22.94456450000871,0.1020636756880747,8.29242699999999,0.0,21.745648999999993,30.038075999999982,True,True,False,5,160.0,62.5,1.3065112651646429,0.08288058475320163,23.052160265164638,21.828529584753195,21.745648999999993
377,146711335,0.5,1,0.6,23.112839000000008,23.92753279197495,0.0761946627779134,7.6178220000000465,0.0,23.112839000000008,30.730661000000055,True,True,False,5,154.0,64.93506493506491,1.2002240428548994,0.07905779240985407,24.313063042854907,23.191896792409864,23.112839000000008
78,142105308,0.5,1,0.0,99.944215,104.6442652910482,0.541038406755957,16.939040000000006,0.0,99.944215,116.883255,True,True,False,5,129.5,77.51937984496124,2.6688262171104467,0.20934523424723891,102.61304121711045,100.15356023424724,99.944215
398,142105308,0.5,1,0.6,98.808645,103.26672075001989,0.6286936198761767,16.89631799999995,0.0,98.808645,115.70496299999996,True,True,False,5,114.0,87.71929824561404,2.6620951630691585,0.23594327145908014,101.47074016306915,99.04458827145908,98.808645
272,231280161,0.5,1,0.6,150.17718399999998,155.71543445903808,1.2759017796437622,22.408012999999983,0.0,150.17718399999998,172.58519699999997,True,True,False,5,441.0,22.675736961451243,3.5304888923901028,0.08350342293861479,153.7076728923901,150.2606874229386,150.17718399999998
487,28077586,0.5,1,0.3,27.74232900000004,27.925528625026345,0.0420399690751261,7.6266729999999825,0.0,27.74232900000004,35.36900200000002,True,True,False,5,112.0,89.2857142857143,1.2016185599495797,0.10838060937464457,28.94394755994962,27.850709609374686,27.74232900000004
503,111244232,0.5,2,0.0,26.90236700000014,27.026344541925937,0.0425865398011437,8.401839999999993,0.0,26.90236700000014,35.30420700000013,True,True,False,5,145.0,68.9655172413793,1.3237498030565609,0.09252431535367259,28.2261168030567,26.99489131535381,26.90236700000014
587,146711335,0.5,2,0.0,25.542012999999997,25.6619825840462,0.0266439973757805,0.0074329999999918,0.0,25.542012999999997,25.54944599999999,True,True,False,5,455.0,21.97802197802197,0.0011711044587981408,2.6882781211611596e-05,25.543184104458796,25.542039882781207,25.542012999999997
609,268534632,0.5,2,0.3,24.510672999999997,24.639575041946955,0.0113859931423848,7.650225000000091,0.0,24.510672999999997,32.16089800000009,True,True,False,5,182.0,54.94505494505497,1.2053292894280905,0.06736484847546312,25.716002289428086,24.57803784847546,24.510672999999997
629,267063469,0.5,2,0.0,54.52065300000004,54.76357750000898,0.0778876632937538,13.443686999999954,0.0,54.52065300000004,67.96433999999999,True,True,False,5,281.0,35.58718861209964,2.118116748069947,0.07741851844563664,56.63876974806998,54.59807151844568,54.52065300000004
645,260852493,0.5,2,0.3,60.687997,61.03633545804769,0.0722824315739314,13.493528999999851,0.0,60.687997,74.18152599999985,True,True,False,5,109.5,91.74311926605506,2.125969591933173,0.19697207934132335,62.81396659193317,60.884969079341325,60.687997
16,349273478,0.5,1,0.3,326.17745000000014,327.96302424999885,3.2911363516201364,33.4368300000001,0.0,326.17745000000014,359.61428000000024,True,True,False,5,811.0,12.330456226880393,5.268131400661745,0.07015643859538011,331.44558140066187,326.24760643859554,326.17745000000014
11,141809729,0.5,1,0.6,343.22561300000007,345.1072770829778,3.33503603431287,29.710645999999997,0.0,343.22561300000007,372.93625900000006,True,True,False,5,294.0,34.013605442176875,4.681053411060343,0.16373682036825477,347.9066664110604,343.3893498203683,343.22561300000007
692,234280067,0.5,2,0.0,56.14556300000004,56.42012808297295,0.1062120780299757,13.382428999999776,0.0,56.14556300000004,69.52799199999981,True,True,False,5,169.0,59.17159763313608,2.108465259177529,0.12674298021845778,58.254028259177566,56.2723059802185,56.14556300000004
914,412051524,0.5,2,0.0,56.61548900000025,56.90627074998338,0.0670295016528846,12.951728999999888,0.0,56.61548900000025,69.56721800000014,True,True,False,5,274.0,36.4963503649635,2.0406064282337937,0.07643885473531575,58.656095428234046,56.69192785473557,56.61548900000025
949,267063469,0.5,2,0.6,50.784673999999995,51.030191665980965,0.162957677256933,11.855706999999711,0.0,50.784673999999995,62.64038099999971,True,True,False,5,269.5,37.17472118959108,1.8679229557270696,0.0712362018366811,52.65259695572706,50.85591020183668,50.784673999999995
622,31654804,0.5,2,0.6,248.636665,249.857713000034,4.632596758629075,25.261857999999847,0.0,248.636665,273.89852299999984,True,True,False,5,636.0,15.723270440251572,3.980125728690696,0.0664942247223755,252.6167907286907,248.70315922472236,248.636665
989,267063469,0.5,2,0.0,35.98391100000026,36.01581858401187,10.575953945759249,8.001113999999689,0.0,35.98391100000026,43.98502499999995,True,True,False,5,281.0,35.58718861209964,1.2606135181975244,0.0460762283289264,37.244524518197785,36.02998722832919,35.98391100000026
1006,206683782,0.5,4,0.0,46.84024099999988,46.92068174993619,6.768019987581878,10.07786299999998,0.0,0.0078650000000379,10.085728000000016,True,True,True,5,-0.0,1000.0,1.5878151882779232,1.5878151882779232,1.5956801882779612,1.5956801882779612,0.0078650000000379
357,167551097,0.5,1,0.0,480.29218,482.8469974590698,65.94428824175046,31.317244999999957,0.0,480.29218,511.609425,True,True,False,5,132.0,75.75757575757575,4.9341807152985595,0.37835739266343504,485.22636071529854,480.6705373926634,480.29218
437,167551097,0.5,1,0.6,471.9838809999999,474.429594624904,49.569921785656014,31.10894200000007,0.0,471.9838809999999,503.0928229999999,True,True,False,5,76.0,131.57894736842115,4.901361588151894,0.6491681918373536,476.88524258815175,472.63304919183724,471.9838809999999
1100,231005223,0.5,4,0.3,30.798131000000012,31.191126333083957,5.372607788235139,8.667539000000033,0.0,30.798131000000012,39.465670000000046,True,True,False,5,508.0,19.68503937007874,1.3656119426500761,0.02821951728068585,32.16374294265009,30.826350517280698,30.798131000000012
1084,412051524,0.5,4,0.0,55.36656700000003,56.221439542016014,12.669191308839366,15.078737999999705,0.0,0.0121169999997619,15.090854999999465,True,True,True,5,-0.0,1000.0,2.375726800062975,2.375726800062975,2.387843800062737,2.387843800062737,0.0121169999997619
1014,260657210,0.5,4,0.6,245.7041360000003,271.89596329198685,38.293183456196914,26.768195000000105,0.0,0.0208370000000286,26.789032000000137,True,True,True,5,4.0,998.9934409202511,4.217456278556814,4.213215400524222,4.238293278556843,4.23405240052425,0.0208370000000286
1056,260300455,0.5,4,0.6,266.23142499999994,269.0727647920139,40.57700984388883,30.41204400000015,0.0,0.0157159999998839,30.427760000000035,True,True,True,5,-0.0,1000.0,4.791561997794257,4.791561997794257,4.807277997794141,4.807277997794141,0.0157159999998839
1146,55296811,0.5,4,0.6,195.68370699999969,207.37312266696244,26.556101336796267,21.394695999999385,0.0,0.0149339999998119,21.409629999999197,True,True,True,5,-0.0,1000.0,3.3708359855048657,3.3708359855048657,3.3857699855046777,3.3857699855046777,0.0149339999998119
1632,234280067,0.5,8,0.0,68.58703299999996,69.79812224999841,0.5227328192836665,15.159942,0.0,0.0106969999999932,15.170638999999994,True,True,True,5,-0.0,1000.0,2.3885208760044114,2.3885208760044114,2.3992178760044047,2.3992178760044047,0.0106969999999932
1719,178171862,0.5,8,0.0,29.93055300000003,30.11706162499831,0.2112936818462586,9.525732000000062,0.0,0.007425000000012,9.533157000000074,True,True,True,5,-0.0,1000.0,1.5008243264534522,1.5008243264534522,1.5082493264534642,1.5082493264534642,0.007425000000012
1768,340707249,0.5,8,0.3,30.885042999999996,30.98978216699834,0.1845141895027243,9.66438800000003,0.0,0.0073449999999866,9.671733000000016,True,True,True,5,-0.0,1000.0,1.5226702379076777,1.5226702379076777,1.5300152379076644,1.5300152379076644,0.0073449999999866
1615,262924431,0.5,8,0.3,226.8905269999999,227.60867958400195,1.823094069448855,23.601134,0.0,0.0163599999998496,23.61749399999985,True,True,True,5,-0.0,1000.0,3.718470773593823,3.718470773593823,3.7348307735936728,3.7348307735936728,0.0163599999998496
1112,31654804,0.5,4,0.3,329.872387,332.0175798749988,2.023384572641112,29.61576500000001,0.0,0.0215339999999741,29.637298999999985,True,True,True,5,-0.0,1000.0,4.666104458799434,4.666104458799434,4.687638458799408,4.687638458799408,0.0215339999999741
1851,11646650,0.5,8,0.0,27.928863000000092,28.025389542002813,0.0427051256522279,8.98759999999993,0.0,27.928863000000092,36.91646300000002,True,True,False,5,346.0,28.90173410404624,1.4160390735780573,0.04229972413493611,29.34490207357815,27.971162724135027,27.928863000000092
1824,260657210,0.5,8,0.0,334.30822999999987,335.389987999999,0.4995308485426945,30.62643700000035,0.0,0.0205860000000939,30.647023000000445,True,True,True,5,-0.0,1000.0,4.825340633370151,4.825340633370151,4.845926633370245,4.845926633370245,0.0205860000000939
1898,370328324,0.5,8,0.6,66.68357500000002,67.00927758300531,0.1310844927584673,12.772102999999788,0.0,66.68357500000002,79.4556779999998,True,True,False,5,412.0,24.271844660194176,2.012305498660751,0.05080386810290617,68.69588049866077,66.73437886810292,66.68357500000002
1957,28077586,0.5,8,0.3,29.2261239999998,29.299323082996125,0.0234261083153489,7.767466999999669,0.0,29.2261239999998,36.99359099999947,True,True,False,5,170.0,58.82352941176468,1.22380132345985,0.07313897549266421,30.44992532345965,29.299262975492464,29.2261239999998
1952,234280067,0.5,8,0.6,67.20202800000015,67.35375870900316,0.0603359827915329,15.047797000000172,0.0,0.0106540000001587,15.058451000000332,True,True,True,5,-0.0,1000.0,2.3708518985347675,2.3708518985347675,2.3815058985349262,2.3815058985349262,0.0106540000001587
1842,31654804,0.5,8,0.0,337.1068650000002,338.0583117499991,0.6617895214983821,31.61445999999978,0.0,0.0205829999999878,31.63504299999977,True,True,True,5,-0.0,1000.0,4.98100835040173,4.98100835040173,5.001591350401718,5.001591350401718,0.0205829999999878
1417,167551097,0.5,4,0.0,591.1195179999997,593.3950761660017,0.8678183960400284,36.81241,0.0,0.0264299999998911,36.83883999999989,True,True,True,5,-0.0,1000.0,5.7999700645974475,5.7999700645974475,5.826400064597339,5.826400064597339,0.0264299999998911
1071,141809729,0.5,4,0.6,609.644241,611.9722227919956,0.642383926679529,37.79586399999971,0.0,0.0257369999999355,37.821600999999646,True,True,True,5,-0.0,1000.0,5.95491791397506,5.95491791397506,5.980654913974996,5.980654913974996,0.0257369999999355
2138,340707249,0.5,12,0.0,31.167979999999716,31.2454325409999,0.0260059859063788,9.733252999999875,0.0,0.0071920000000318,9.740444999999909,True,True,True,5,-0.0,1000.0,1.5335202457853907,1.5335202457853907,1.5407122457854225,1.5407122457854225,0.0071920000000318
2173,111244232,0.5,12,0.6,30.111733000000186,30.187574250005127,0.0463901538803449,9.758440000000064,0.0,0.0072989999998753,9.76573899999994,True,True,True,5,-0.0,1000.0,1.537488577280615,1.537488577280615,1.5447875772804904,1.5447875772804904,0.0072989999998753
1202,279854899,0.5,4,0.3,673.8590429999999,676.4268782920008,0.7529224552785123,45.4811950000003,0.0,0.0292469999994864,45.510441999999784,True,True,True,5,-0.0,1000.0,7.1657783204664085,7.1657783204664085,7.195025320465895,7.195025320465895,0.0292469999994864
2003,207206422,0.5,12,0.0,250.71502200000032,251.40291091699328,0.1744479511471127,26.746896000000103,0.0,0.0177690000000438,26.76466500000015,True,True,True,5,-0.0,1000.0,4.214100519930692,4.214100519930692,4.2318695199307355,4.2318695199307355,0.0177690000000438
2025,262924431,0.5,12,0.3,227.77178300000017,228.52033720799955,0.3095374560002774,23.762181000000055,0.0,0.0161760000000867,23.778357000000145,True,True,True,5,-0.0,1000.0,3.7438444934614865,3.7438444934614865,3.7600204934615733,3.7600204934615733,0.0161760000000867
2334,92130019,0.5,12,0.3,66.51809999999932,66.7369137919959,0.2510437905744592,14.649403999999777,0.0,0.0107639999996536,14.66016799999943,True,True,True,5,-0.0,1000.0,2.3080831889081104,2.3080831889081104,2.318847188907764,2.318847188907764,0.0107639999996536
2470,33495280,0.5,12,0.6,30.25948100000005,30.34135487500316,0.0189918555492406,9.773432999999386,0.0,0.0072180000006483,9.780651000000034,True,True,True,5,-0.0,1000.0,1.539850795651392,1.539850795651392,1.5470687956520404,1.5470687956520404,0.0072180000006483
2547,146711335,1.0,1,0.6,23.750543000000107,25.781200499994156,0.5099061133905357,7.877808000000186,0.0,23.750543000000107,31.628351000000293,True,True,False,5,149.0,67.11409395973155,1.241186072160105,0.08445780693368983,24.99172907216021,23.835000806933795,23.750543000000107
2265,262924431,0.5,12,0.3,231.3094819999997,238.15857150000377,2.344940958083974,23.899037000000135,0.0,0.0162019999997937,23.91523899999993,True,True,True,5,-0.0,1000.0,3.765406806365233,3.765406806365233,3.7816088063650266,3.7816088063650266,0.0162019999997937
2602,231280161,1.0,1,0.0,147.1500160000005,152.0851937500047,1.4120540275001323,21.928563999999824,0.0,147.1500160000005,169.07858000000033,True,True,False,5,424.0,23.584905660377363,3.4549494249251333,0.08485475092223718,150.60496542492564,147.23487075092274,147.1500160000005
2502,31654804,1.0,1,0.6,202.32875200000035,209.5144581250061,1.64205870055548,25.527208000000428,0.0,202.32875200000035,227.8559600000008,True,True,False,5,635.0,15.748031496062993,4.02193288167645,0.06729216641095762,206.3506848816768,202.39604416641131,202.32875200000035
2857,28077586,1.0,1,0.0,27.65859199999977,27.731860916996084,0.0671729896419857,7.5788549999997485,0.0,27.65859199999977,35.23744699999952,True,True,False,5,109.0,91.74311926605506,1.1940846069008584,0.11063249861295382,28.85267660690063,27.769224498612726,27.65859199999977
2889,268534632,1.0,1,0.6,20.867635999999948,20.92323883299832,0.0316471016783759,8.049841000000015,0.0,20.867635999999948,28.917476999999963,True,True,False,5,167.0,59.88023952095808,1.268290688514261,0.0771367041947543,22.13592668851421,20.9447727041947,20.867635999999948
2365,388179423,0.5,12,0.6,334.97624799999994,340.0538407499989,3.849685963321236,35.33488900000066,0.0,0.0214539999997214,35.35634300000038,True,True,True,5,-0.0,1000.0,5.567179612415417,5.567179612415417,5.588633612415139,5.588633612415139,0.0214539999997214
2688,142105308,1.0,1,0.6,96.75281300000006,97.0112740830009,0.1368215186502009,16.63484199999948,0.0,96.75281300000006,113.38765499999954,True,True,False,5,127.5,78.74015748031496,2.62089837718599,0.20878206726944332,99.37371137718605,96.9615950672695,96.75281300000006
2961,197736345,1.0,1,0.6,39.85128200000054,39.946623833995545,0.0933488712526309,12.291401000000404,0.0,39.85128200000054,52.14268300000094,True,True,False,5,192.5,52.083333333333336,1.9365686150938086,0.10269682049739895,41.78785061509435,39.95397882049794,39.85128200000054
2662,31654804,1.0,1,0.0,214.71216900000036,215.24084279100495,3.689966643123837,25.937645999999404,0.0,214.71216900000036,240.64981499999976,True,True,False,5,585.0,17.094017094017097,4.086599338269955,0.07386912915390162,218.79876833827032,214.78603812915426,214.71216900000036
3067,28077586,1.0,2,0.3,27.658220999999685,27.70920641599514,0.0778934412865902,7.548099999999977,0.0,27.658220999999685,35.20632099999966,True,True,False,5,113.5,88.49557522123897,1.1892390105561645,0.10632530402123978,28.84746001055585,27.764546304020925,27.658220999999685
2968,142105308,1.0,1,0.0,97.669355,97.8526010420028,0.0826004548862518,16.86097400000017,0.0,97.669355,114.53032900000017,True,True,False,5,132.5,75.75757575757575,2.656526547975448,0.20370483292531133,100.32588154797544,97.8730598329253,97.669355
2933,207206422,1.0,1,0.3,171.85616500000015,172.2009434579959,0.2362744849465623,20.14647199999945,0.0,171.85616500000015,192.0026369999996,True,True,False,5,195.0,51.28205128205127,3.1741723648967146,0.16578645590369628,175.03033736489687,172.02195145590383,171.85616500000015
3095,260852493,1.0,2,0.6,53.45935799999915,53.63266137499886,0.0497995838482692,13.058836999999585,0.0,53.45935799999915,66.51819499999874,True,True,False,5,237.0,42.19409282700422,2.0574818024262775,0.08878227768618639,55.51683980242542,53.548140277685334,53.45935799999915
2062,279854899,0.5,12,0.6,680.6624059999999,682.8529471669972,6.628918644505199,48.06268100000034,0.0,0.0285549999998693,48.09123600000021,True,True,True,5,-0.0,1000.0,7.572503702536684,7.572503702536684,7.6010587025365535,7.6010587025365535,0.0285549999998693
3171,197736345,1.0,2,0.0,47.166222000000744,47.29666641700169,0.0596927695300382,12.304001000000426,0.0,47.166222000000744,59.47022300000117,True,True,False,5,285.5,35.08771929824562,1.9385538049472861,0.06988809746002363,49.10477580494803,47.23611009746077,47.166222000000744
3072,31654804,1.0,2,0.0,238.27116899999965,238.9369304580032,0.3610482365898927,25.197893999999906,0.0,238.27116899999965,263.46906299999955,True,True,False,5,541.5,18.484288354898336,3.970047896644069,0.07727628171925141,242.24121689664372,238.3484452817189,238.27116899999965
2349,33878145,0.5,12,0.3,685.5735719999993,687.6168436249936,6.648003773969701,46.08713900000021,0.0,0.0281659999991461,46.11530499999935,True,True,True,5,-0.0,1000.0,7.261247676067465,7.261247676067465,7.289413676066611,7.289413676066611,0.0281659999991461
3272,31654804,1.0,2,0.6,218.39223800000036,219.0105981250017,0.2677643885167715,26.26937199999975,0.0,218.39223800000036,244.6616100000001,True,True,False,5,596.5,16.778523489932887,4.1388643453599725,0.07350938759802994,222.53110234536032,218.46574738759838,218.39223800000036
3611,11646650,1.0,4,0.0,22.839716999999837,22.8991712499992,0.044237384386828,0.0076600000011239,0.0,22.839716999999837,22.84737700000096,True,True,False,5,287.0,34.8432055749129,0.001206869387289097,4.32148526979743e-05,22.840923869387126,22.839760214852536,22.839716999999837
3312,31654804,1.0,2,0.0,233.85942700000123,234.5122977919964,0.2583592294025116,24.69202000000041,0.0,233.85942700000123,258.55144700000164,True,True,False,5,541.5,18.484288354898336,3.8903450449031682,0.07572487977516808,237.7497720449044,233.9351518797764,233.85942700000123
3640,214772289,1.0,4,0.6,60.302419000001464,60.44211279100273,0.0263328427829186,14.112986000000092,0.0,0.0103319999998348,14.123317999999928,True,True,True,5,-0.0,1000.0,2.2235679848747583,2.2235679848747583,2.233899984874593,2.233899984874593,0.0103319999998348
3416,260300455,1.0,2,0.6,242.675072,243.28678241600576,1.0597468152907945,33.07796200000121,0.0,0.022821999998996,33.1007840000002,True,True,True,5,6.5,987.3169555905608,5.211590042539973,5.145557247381805,5.234412042538969,5.168379247380801,0.022821999998996
3120,33715956,1.0,2,0.0,487.71150099999977,489.0980436249956,0.8512741776006667,34.757182000000284,0.0,487.71150099999977,522.468683,True,True,False,5,698.0,14.326647564469914,5.476159130297823,0.08384731368334547,493.1876601302976,487.7953483136831,487.71150099999977
3768,340707249,1.0,4,0.3,26.498490999998467,26.566996832996665,0.0155124325290407,9.280972000000476,0.0,0.0070570000007137,9.288029000001188,True,True,True,5,-0.0,1000.0,1.4622612257760321,1.4622612257760321,1.4693182257767459,1.4693182257767459,0.0070570000007137
3668,142105308,1.0,4,0.0,192.05264100000025,192.5694334159998,0.2961034279665848,19.94665300000088,0.0,192.05264100000025,211.9992940000011,True,True,False,5,477.5,20.964360587002098,3.1426899322515958,0.0689582166684468,195.19533093225184,192.1215992166687,192.05264100000025
3280,33715956,1.0,2,0.3,486.30787599999985,487.7719579170007,0.4095219932412428,35.04970300000059,0.0,486.30787599999985,521.3575790000004,True,True,False,5,638.5,15.673981191222571,5.522247203403276,0.09198586014268499,491.8301232034031,486.39986186014255,486.30787599999985
3879,178171862,1.0,4,0.3,27.509665999999925,27.584372333003557,0.0416810713461179,9.230789999999615,0.0,0.0070810000015626,9.237871000001178,True,True,True,5,1.0,999.9999895494971,1.4543548132975601,1.4543547981140044,1.4614358132991228,1.461435798115567,0.0070810000015626
3865,260852493,1.0,4,0.6,62.02435999999943,62.218209916994965,0.0940454787442454,14.50988899999902,0.0,0.0105739999999059,14.520462999998928,True,True,True,5,-0.0,1000.0,2.286101937923274,2.286101937923274,2.29667593792318,2.29667593792318,0.0105739999999059
3391,141809729,1.0,2,0.3,402.9228059999996,404.0552020840041,0.4617829929310413,30.891090999999506,0.0,402.9228059999996,433.8138969999991,True,True,False,5,425.0,23.52941176470588,4.867038128249488,0.11926631600634874,407.78984412824906,403.04207231600594,402.9228059999996
4093,111244232,1.0,8,0.0,27.878294000000096,27.952583250000316,0.0142575643164765,9.41397700000016,0.0,27.882536000000982,37.29651300000114,True,True,False,5,0.5,1000.0,1.4832167953364046,1.4832167953364046,29.365752795337386,29.365752795337386,27.882536000000982
3826,260300455,1.0,4,0.6,308.73097400000006,309.6529644170005,1.389251760460948,35.54252599999927,0.0,0.0223989999994955,35.564924999998766,True,True,True,5,-0.0,1000.0,5.599893808098199,5.599893808098199,5.622292808097694,5.622292808097694,0.0223989999994955
4078,142105308,1.0,8,0.0,218.16941099999897,218.8438162090024,0.7422632790141512,22.702978999999686,0.0,0.0157870000002731,22.71876599999996,True,True,True,5,-0.0,1000.0,3.576962186859884,3.576962186859884,3.592749186860157,3.592749186860157,0.0157870000002731
4313,220509904,1.0,8,0.3,64.5972159999983,64.80703666699992,0.0279961612038196,13.740055000000211,0.0,0.0104229999997187,13.75047799999993,True,True,True,5,-0.0,1000.0,2.164810934299702,2.164810934299702,2.175233934299421,2.175233934299421,0.0104229999997187
4401,24940997,1.0,8,0.6,28.532194999999778,28.646240000001853,0.0249733561170794,9.540360000000874,0.0,28.536401999999725,38.0767620000006,True,True,False,5,-0.0,1000.0,1.5031290373406134,1.5031290373406134,30.03953103734034,30.03953103734034,28.536401999999725
3686,349273478,1.0,4,0.0,601.0817360000001,603.4769076669982,1.6614295560663497,39.178610000000845,0.0,0.0269500000013067,39.20556000000215,True,True,True,5,-0.0,1000.0,6.172776114699991,6.172776114699991,6.199726114701297,6.199726114701297,0.0269500000013067
4435,260852493,1.0,8,0.0,65.08501699999943,65.29784649999783,0.0545241247449099,14.65726800000084,0.0,0.0104670000000623,14.667735000000905,True,True,True,5,-0.0,1000.0,2.309322199464446,2.309322199464446,2.3197891994645086,2.3197891994645086,0.0104670000000623
4450,214772289,1.0,8,0.0,62.00568600000042,62.20312350000313,0.0849282782953193,14.287481999999727,0.0,62.011631000001216,76.29911300000094,True,True,False,5,-0.0,1000.0,2.251060658578813,2.251060658578813,64.26269165858002,64.26269165858002,62.011631000001216
4453,111244232,1.0,8,0.0,28.251138000001447,28.333865458997025,0.0393951601675208,9.401294999999664,0.0,0.0070669999986421,9.408361999998306,True,True,True,5,0.5,1000.0,1.4812186859933296,1.4812186859933296,1.4882856859919718,1.4882856859919718,0.0070669999986421
3886,349273478,1.0,4,0.6,559.494913999999,561.2903772089994,1.6499312966252484,38.44120400000065,0.0,0.0266940000001341,38.46789800000079,True,True,True,5,-0.0,1000.0,6.056594296518142,6.056594296518143,6.083288296518276,6.083288296518277,0.0266940000001341
4504,92130019,1.0,12,0.3,63.21006800000032,63.40819583400298,0.0318863100320401,14.00421600000118,0.0,63.21602299999904,77.22023900000022,True,True,False,5,-0.0,1000.0,2.2064307546874398,2.2064307546874398,65.42245375468649,65.42245375468649,63.21602299999904
3961,141809729,1.0,4,0.6,559.2140230000005,560.903412666994,1.592388522881016,37.19524099999944,0.0,0.0253780000002734,37.220618999999715,True,True,True,5,-0.0,1000.0,5.860286907200163,5.860286907200163,5.885664907200437,5.885664907200437,0.0253780000002734
4720,33495280,1.0,12,0.3,28.88548900000023,28.9820458749964,0.0529554071521407,9.551487000000634,0.0,0.0071079999997891,9.558595000000423,True,True,True,5,-0.0,1000.0,1.5048821490468935,1.5048821490468935,1.5119901490466827,1.5119901490466827,0.0071079999997891
4756,206683782,1.0,12,0.3,62.98802499999874,63.18960262499604,0.0414481461076829,14.328977000001032,0.0,62.99400699999933,77.32298400000036,True,True,False,5,-0.0,1000.0,2.2575983929417096,2.2575983929417096,65.25160539294104,65.25160539294104,62.99400699999933
4803,220509904,1.0,12,0.0,66.76576800000112,66.92592579200573,0.0461013388052139,14.250186999999642,0.0,0.0105690000000322,14.260755999999674,True,True,True,5,-0.0,1000.0,2.2451846541672666,2.2451846541672666,2.255753654167299,2.255753654167299,0.0105690000000322
4131,141809729,1.0,8,0.6,600.9495499999994,602.8384220410007,1.7214815666569372,38.69000600000072,0.0,600.9637659999989,639.6537719999997,True,True,False,5,-0.0,1000.0,6.095794233496253,6.095794233496253,607.0595602334952,607.0595602334952,600.9637659999989
4857,28077586,1.0,12,0.0,29.97852700000112,30.060004999999364,0.0124783921649713,8.991362000000663,0.0,29.97852700000112,38.969889000001785,True,True,False,5,23.5,434.7344785127289,1.4166317945487101,0.6166586575846489,31.39515879454983,30.595185657585766,29.97852700000112
4478,142105308,1.0,8,0.3,218.57337199999893,219.14974166700267,0.145275494065262,22.809262000000672,0.0,0.0152980000002571,22.82456000000093,True,True,True,5,-0.0,1000.0,3.5937075783835937,3.5937075783835937,3.609005578383851,3.609005578383851,0.0152980000002571
4876,206683782,1.0,12,0.3,62.95106200000009,63.12030849999428,0.2341494813323854,14.321912999999768,0.0,0.0103560000006837,14.332269000000451,True,True,True,5,-0.0,1000.0,2.256485426185563,2.256485426185563,2.2668414261862466,2.2668414261862466,0.0103560000006837
4925,260852493,1.0,12,0.6,64.91368599999987,65.07954674999928,0.0645671529402066,14.688484000000244,0.0,0.0102559999995719,14.698739999999816,True,True,True,5,-0.0,1000.0,2.314240428548959,2.314240428548959,2.324496428548531,2.324496428548531,0.0102559999995719
4944,92130019,1.0,12,0.0,62.552386999999726,62.69810579199839,0.0586415825555079,14.013670000000277,0.0,0.0102750000005471,14.023945000000822,True,True,True,5,-0.0,1000.0,2.2079202772964037,2.2079202772964037,2.218195277296951,2.218195277296951,0.0102750000005471
4728,142105308,1.0,12,0.0,220.33650299999863,220.90701687500405,0.202046893619282,22.818796999999904,0.0,0.0158700000010867,22.83466700000099,True,True,True,5,-0.0,1000.0,3.595209862927352,3.595209862927352,3.6110798629284386,3.6110798629284386,0.0158700000010867
5027,28077586,2.0,1,0.0,27.564540000001216,27.623209625002342,0.2747945120340289,7.620071999999709,0.0,27.564540000001216,35.184612000000925,True,True,False,5,107.5,93.45794392523365,1.2005785410429666,0.1132908896180573,28.76511854104418,27.677830889619273,27.564540000001216
5117,146711335,2.0,1,0.0,22.4327059999996,22.76168995899934,4.368999711069986,7.437401999999565,0.0,22.4327059999996,29.870107999999163,True,True,False,5,152.5,65.7894736842105,1.171798014810078,0.07818558708628152,23.60450401480968,22.510891587085883,22.4327059999996
4808,142105308,1.0,12,0.6,218.3552319999999,218.9157927089982,35.91861810721866,22.674143000000186,0.0,0.0103299999991577,22.684472999999343,True,True,True,5,-0.0,1000.0,3.5724189380810123,3.5724189380810123,3.58274893808017,3.58274893808017,0.0103299999991577
4331,141809729,1.0,8,0.3,607.0928260000001,608.7807638329978,60.0604295583691,39.02524799999992,0.0,0.017191000000821,39.04243900000074,True,True,True,5,-0.0,1000.0,6.14861320308806,6.14861320308806,6.165804203088881,6.165804203088881,0.017191000000821
5437,146711335,2.0,1,0.6,17.130692999999155,17.142377458992996,1.1532869899302696,6.563464000000749,0.0,17.130692999999155,23.694156999999905,True,True,False,5,174.5,57.47126436781611,1.0341049314638016,0.060405017813868436,18.164797931462957,17.191098017813022,17.130692999999155
5178,142105308,2.0,1,0.3,60.897594000000026,62.01991504200123,10.538321955471956,11.96505199999956,0.0,60.897594000000026,72.86264599999959,True,True,False,5,121.5,82.64462809917354,1.8851507798959444,0.15752521068457864,62.78274477989597,61.0551192106846,60.897594000000026
5052,231280161,2.0,1,0.3,111.0283789999994,111.64293558400097,21.81378571821493,19.073668000000907,0.0,111.0283789999994,130.1020470000003,True,True,False,5,422.0,23.696682464454977,3.00514699858215,0.07414301816482846,114.03352599858155,111.10252201816424,111.0283789999994
5378,142105308,2.0,1,0.0,83.17116499999975,83.65044333400147,13.508555166374135,17.10418800000116,0.0,83.17116499999975,100.2753530000009,True,True,False,5,130.0,76.9230769230769,2.694846069009163,0.20978091661463777,85.8660110690089,83.38094591661438,83.17116499999975
5152,31654804,2.0,1,0.6,151.1974969999992,151.7919339999935,28.747727560644726,22.266303000000335,0.0,151.1974969999992,173.46379999999954,True,True,False,5,568.5,17.605633802816904,3.5081618087285857,0.0652063675666652,154.70565880872778,151.26270336756588,151.1974969999992
5458,142105308,2.0,1,0.6,93.47863300000064,94.26726291699742,10.753395218067633,16.871821999999156,0.0,93.47863300000064,110.35045499999978,True,True,False,5,109.0,91.74311926605506,2.6582357019062792,0.2462867839552244,96.13686870190692,93.72491978395587,93.47863300000064
5611,11646650,2.0,2,0.0,17.627887999999075,17.829163333997712,5.050127521706519,0.0049289999988104,0.0,17.627887999999075,17.632816999997885,True,True,False,5,,1000.0,0.0007765873639216007,0.0007765873639216007,17.628664587362998,17.628664587362998,17.627887999999075
5651,11646650,2.0,2,0.3,21.765935000001264,21.911320624996733,5.202657114937041,0.0066600000009202,0.0,21.765935000001264,21.772595000002184,True,True,False,5,,1000.0,0.0010493146369812824,0.0010493146369812824,21.766984314638243,21.766984314638243,21.765935000001264
5518,409137046,2.0,2,0.0,50.108220000000074,50.40106395800103,8.02727100885236,13.226070000000618,0.0,50.108220000000074,63.33429000000069,True,True,False,5,103.0,97.08737864077673,2.0838301559793,0.2041932442883221,52.19205015597937,50.31241324428839,50.108220000000074
5502,231280161,2.0,2,0.6,154.76568399999996,157.11357050000515,16.075545212087302,23.011907000000065,0.0,154.76568399999996,177.77759100000003,True,True,False,5,581.0,17.21170395869191,3.6256352607531217,0.06596303299803256,158.39131926075308,154.831647032998,154.76568399999996
5845,13099134,2.0,2,0.0,29.96981500000038,29.986709916003747,3.420268556936494,8.291517000001477,0.0,29.96981500000038,38.26133200000186,True,True,False,5,276.0,36.23188405797102,1.3063678903421263,0.04858994788239186,31.276182890342508,30.01840494788277,29.96981500000038
5756,55296811,2.0,2,0.3,152.4244319999998,153.75911141699908,29.2602884672994,20.493531999998595,0.0,152.4244319999998,172.9179639999984,True,True,False,5,331.0,30.211480362537767,3.228853316527272,0.10067661526703885,155.65328531652708,152.52510861526684,152.4244319999998
5836,55296811,2.0,2,0.0,143.49497000000156,144.41803499999514,27.41981590936319,21.45919899999899,0.0,143.49497000000156,164.95416900000055,True,True,False,5,367.5,27.247956403269757,3.3809987395618384,0.09541089410055226,146.8759687395634,143.5903808941021,143.49497000000156
5097,167551097,2.0,1,0.3,374.6279650000015,376.75104183299845,35.55592306425454,30.858469000000696,0.0,374.6279650000015,405.4864340000022,True,True,False,5,91.5,109.89010989010995,4.861898377186182,0.5385978474732497,379.4898633771877,375.1665628474747,374.6279650000015
5476,349273478,2.0,1,0.6,273.33986599999844,276.7531333750012,37.07991711533958,33.227788000000146,0.0,273.33986599999844,306.5676539999986,True,True,False,5,661.0,15.128593040847198,5.235195840554615,0.08435199121023114,278.5750618405531,273.42421799120865,273.33986599999844
6169,178171862,2.0,4,0.3,25.647118999999293,26.148990499998035,0.1357079109299723,9.017982999999733,0.0,25.647118999999293,34.665101999999024,True,True,False,5,28.5,357.1416494986879,1.4208260595556534,0.5083486399800027,27.067945059554948,26.155467639979296,25.647118999999293
5985,260852493,2.0,2,0.6,49.99776500000007,50.784438709000824,0.2423672404858619,12.875441000000135,0.0,49.99776500000007,62.87320600000021,True,True,False,5,329.0,30.3951367781155,2.028586891444798,0.06362413878441717,52.02635189144487,50.06138913878449,49.99776500000007
6242,234280067,2.0,4,0.6,51.81437799999912,53.40804875000322,0.2915737615683504,13.748360999999932,0.0,51.820284999999785,65.56864599999972,True,True,False,5,-0.0,1000.0,2.1661195840554486,2.1661195840554486,53.98640458405524,53.98640458405524,51.820284999999785
5730,33715956,2.0,2,0.6,465.48881300000176,473.0234586660008,50.86811429330682,34.139397999999346,0.0,465.48881300000176,499.6282110000011,True,True,False,5,643.0,15.552099533437014,5.378824326453339,0.08894189373059738,470.8676373264551,465.57775489373233,465.48881300000176
6074,260657210,2.0,4,0.6,258.3186370000003,263.6702359580013,2.5603475733098024,26.669731000001775,0.0,258.3186370000003,284.9883680000021,True,True,False,5,7.0,971.5948133425436,4.2019428076259295,4.082705075583401,262.52057980762623,262.4013420755837,258.3186370000003
5846,349273478,2.0,2,0.3,336.44029899999805,343.918910290995,8.306084606871353,34.00613700000031,0.0,336.44029899999805,370.4464359999984,True,True,False,5,208.5,48.076923076923094,5.357828422876998,0.26268305031856803,341.79812742287504,336.7029820503166,336.44029899999805
6084,166975595,2.0,4,0.0,279.7984240000005,287.3343416670032,2.117640340754486,19.4847660000014,0.0,279.7984240000005,299.2831900000019,True,True,False,5,113.0,88.49557522123897,3.069917441311076,0.27446955773411474,282.8683414413116,280.07289355773463,279.7984240000005
6439,268534632,2.0,4,0.3,24.199085000000196,24.400046041002497,0.0556791407557166,8.952128000000812,0.0,24.199085000000196,33.15121300000101,True,True,False,5,37.5,270.27026934692316,1.4104502914764159,0.38223099946978384,25.60953529147661,24.58131599946998,24.199085000000196
6274,260657210,2.0,4,0.3,269.2887870000013,273.7233662919971,2.6727643600660027,27.11654899999849,0.0,0.021748999999545,27.13829799999803,True,True,True,5,1.0,999.9999895494971,4.2723411060341085,4.272341061430598,4.294090106033654,4.294090061430143,0.021748999999545
6386,206683782,2.0,4,0.6,51.77128799999991,52.516564750003454,0.4861736430243216,13.848550999999134,0.0,0.0107570000000123,13.859307999999146,True,True,True,5,1.0,999.9999895494971,2.181904994485447,2.181904971706222,2.1926619944854595,2.1926619717062343,0.0107570000000123
6372,31654804,2.0,4,0.0,219.3713990000033,219.5636978339971,27.811283194632217,23.498382000001584,0.0,0.0158189999965543,23.51420099999814,True,True,True,5,-0.0,1000.0,3.7022817078937424,3.7022817078937424,3.718100707890297,3.718100707890297,0.0158189999965543
6656,55296811,2.0,8,0.0,178.837736999998,178.95494195799984,10.064735368667773,20.220377000001463,0.0,0.0125740000003133,20.232951000001776,True,True,True,5,-0.0,1000.0,3.185816448716159,3.185816448716159,3.1983904487164723,3.1983904487164723,0.0125740000003133
6770,231005223,2.0,8,0.0,21.658612000002904,21.671393500000704,0.1912496529423218,7.236626999998407,0.0,21.658612000002904,28.89523900000131,True,True,False,5,7.5,971.5948133425436,1.1401649598232877,1.1078107155634758,22.798776959826192,22.766422715566378,21.658612000002904
6676,206683782,2.0,8,0.6,44.42864399999962,44.46031529199536,0.2517507823899156,11.36725899999874,0.0,44.433185999998386,55.800444999997126,True,True,False,5,-0.0,1000.0,1.7909656530642413,1.7909656530642413,46.22415165306263,46.22415165306263,44.433185999998386
6291,141809729,2.0,4,0.0,399.4393369999998,399.8184987920031,64.26472564234724,31.09373899999991,0.0,0.0202810000009776,31.11402000000089,True,True,True,5,-0.0,1000.0,4.898966283283427,4.898966283283427,4.919247283284404,4.919247283284404,0.0202810000009776
6820,214772289,2.0,8,0.6,44.59683700000096,44.62717891699867,0.194658545539213,11.4101840000003,0.0,0.0072929999987536,11.417476999999051,True,True,True,5,3.0,999.8759757299028,1.7977286907200722,1.7975059514706224,1.805021690718826,1.804798951469376,0.0072929999987536
6416,349273478,2.0,4,0.6,372.8275049999975,373.7721920420008,14.077111286674418,30.45194300000003,0.0,372.8398559999987,403.2917989999987,True,True,False,5,-0.0,1000.0,4.797848274775489,4.797848274775489,377.6377042747742,377.6377042747742,372.8398559999987
6978,409137046,2.0,8,0.3,45.41714100000172,45.48017024999717,0.2986625757041124,11.450744000001578,0.0,45.421532000003936,56.87227600000551,True,True,False,5,2.0,999.9952312137814,1.804119111391457,1.8041105165279654,47.22565111139539,47.2256425165319,45.421532000003936
6853,207206422,2.0,8,0.6,174.4170269999995,174.53351074999955,1.1394322746000412,20.11264900000242,0.0,174.42391599999974,194.53656500000216,True,True,False,5,-0.0,1000.0,3.168843390578607,3.168843390578607,177.59275939057835,177.59275939057835,174.42391599999974
7055,260852493,2.0,12,0.3,49.5380060000025,49.56788229099766,0.3194754462322607,11.970267000000604,0.0,0.0076039999985368,11.97787099999914,True,True,True,5,0.5,1000.0,1.8859724279187968,1.8859724279187968,1.8935764279173337,1.8935764279173337,0.0076039999985368
6559,33878145,2.0,8,0.6,469.2873780000009,469.59776895800314,8.278478533192201,30.752481999999873,0.0,0.0216789999976754,30.774160999997548,True,True,True,5,-0.0,1000.0,4.845199621868579,4.845199621868579,4.866878621866254,4.866878621866254,0.0216789999976754
6846,260300455,2.0,8,0.3,226.7776589999994,226.9249678749984,1.9492899963211827,28.2144240000016,0.0,0.0170500000022002,28.2314740000038,True,True,True,5,-0.0,1000.0,4.4453165274935555,4.4453165274935555,4.462366527495756,4.462366527495756,0.0170500000022002
6599,33878145,2.0,8,0.0,477.4833890000009,477.8183784590001,12.2590574749578,31.856050000002146,0.0,477.4954880000005,509.3515380000026,True,True,False,5,-0.0,1000.0,5.019072002521214,5.019072002521214,482.5145600025217,482.5145600025217,477.4954880000005
6884,260657210,2.0,8,0.0,232.96986999999717,233.12963483299973,1.5541689661396272,23.15864199999851,0.0,0.0160390000019106,23.17468100000042,True,True,True,5,-0.0,1000.0,3.6487540570345844,3.6487540570345844,3.664793057036495,3.664793057036495,0.0160390000019106
7173,220509904,2.0,12,0.6,50.412624000000505,50.44588549999753,0.3295424296849574,11.416686000000482,0.0,50.417403999999806,61.83409000000029,True,True,False,5,-0.0,1000.0,1.7987531117063937,1.7987531117063937,52.2161571117062,52.2161571117062,50.417403999999806
7243,231293370,2.0,12,0.0,22.909435999998095,22.9256789590072,0.0428447890400496,7.878133999998681,0.0,0.0060430000012274,7.884176999999909,True,True,True,5,-0.0,1000.0,1.2412374350084576,1.2412374350084576,1.247280435009685,1.247280435009685,0.0060430000012274
7419,268534632,2.0,12,0.6,20.127784000000247,20.142477958994277,0.1930397458758639,7.301040000002104,0.0,20.127784000000247,27.42882400000235,True,True,False,5,23.5,434.7344785127289,1.15031353395338,0.5007305373060044,21.278097533953627,20.628514537306252,20.127784000000247
7104,166975595,2.0,12,0.6,257.70332699999926,257.86403837500256,1.796824150774498,20.176699999999983,0.0,0.0130500000013853,20.189750000001368,True,True,True,5,-0.0,1000.0,3.178934929888133,3.178934929888133,3.1919849298895184,3.1919849298895184,0.0130500000013853
7517,28077586,4.0,1,0.6,22.058869000000417,22.074431125001865,0.09417240628938,6.320879999999306,0.0,22.058869000000417,28.37974899999972,True,True,False,5,113.0,88.49557522123897,0.9958846699226888,0.08903823315558915,23.054753669923105,22.147907233156005,22.058869000000417
7541,197736345,4.0,1,0.6,31.215582999997423,31.235218499998155,0.4338000077451301,10.25551600000108,0.0,31.215582999997423,41.4710989999985,True,True,False,5,191.5,52.356020942408364,1.6158052623288293,0.08612681260306759,32.83138826232625,31.30170981260049,31.215582999997423
7232,31654804,2.0,12,0.3,236.97804499999984,237.1266324169992,1.3333966583212182,23.69025799999872,0.0,0.0154240000010759,23.705681999999797,True,True,True,5,-0.0,1000.0,3.7325126831571955,3.7325126831571955,3.7479366831582714,3.7479366831582714,0.0154240000010759
7562,31654804,4.0,1,0.6,160.64758599999914,160.76580387500144,2.0072193068283117,21.897557000000234,0.0,160.64758599999914,182.54514299999937,True,True,False,5,555.5,18.01801801801801,3.450064124783399,0.06554783385459363,164.09765012478255,160.71313383385373,160.64758599999914
7162,279854899,2.0,12,0.0,484.919506000002,485.7672570830037,3.521915068505405,34.012479000000894,0.0,0.0207829999999376,34.03326200000083,True,True,True,5,-0.0,1000.0,5.358827635103339,5.358827635103339,5.379610635103276,5.379610635103276,0.0207829999999376
7200,33715956,2.0,12,0.6,479.8910550000001,480.673137292004,3.449880663202714,33.54741400000057,0.0,0.0201020000022253,33.5675160000028,True,True,True,5,-0.0,1000.0,5.28555443516631,5.28555443516631,5.305656435168536,5.305656435168536,0.0201020000022253
7781,197736345,4.0,1,0.6,30.627081000002363,30.647242125000048,0.3970453543824435,10.183764000001249,0.0,30.627081000002363,40.81084500000361,True,True,False,5,191.5,52.356020942408364,1.6045003938870723,0.08552423238595513,32.231581393889435,30.712605232388317,30.627081000002363
7202,279854899,2.0,12,0.3,477.2015659999998,477.52928316700127,3.5412873303727777,33.460832999997365,0.0,0.0218899999999848,33.48272299999735,True,True,True,5,-0.0,1000.0,5.271913187332182,5.271913187332182,5.293803187332167,5.293803187332167,0.0218899999999848
7811,11646650,4.0,1,0.6,17.154045999999653,17.164704834001896,0.162389615409147,0.0059710000023187,0.0,17.154045999999653,17.16001700000197,True,True,False,5,,1000.0,0.000940759414261651,0.000940759414261651,17.154986759413916,17.154986759413916,17.154045999999653
7851,11646650,4.0,1,0.0,16.753075000000536,16.764346083997225,0.1304105883803942,0.0061060000007273,0.0,16.753075000000536,16.759181000001263,True,True,False,5,,1000.0,0.0009620293052981407,0.0009620293052981407,16.754037029305834,16.754037029305834,16.753075000000536
8035,260852493,4.0,2,0.6,37.243194999999105,37.26772725000046,0.2261861368466681,9.965330999999424,0.0,37.243194999999105,47.20852599999853,True,True,False,5,276.0,36.23188405797102,1.5700852371198082,0.058398832676899735,38.81328023711891,37.301593832676005,37.243194999999105
7497,167551097,2.0,12,0.6,432.97119499999826,433.7778873339994,6.189012285168802,29.78677700000117,0.0,0.0183219999998982,29.805099000001064,True,True,True,5,-0.0,1000.0,4.693048211753768,4.693048211753768,4.711370211753667,4.711370211753667,0.0183219999998982
7601,141809729,4.0,1,0.6,252.84308099999907,253.02323316699767,4.163645953892341,25.052474000000075,0.0,252.84308099999907,277.89555499999915,True,True,False,5,285.5,35.08771929824562,3.947136284859,0.14230084543447716,256.7902172848581,252.98538184543355,252.84308099999907
8202,234280067,4.0,2,0.3,29.87988100000075,29.898066666995874,0.1928333626786718,10.212588999998845,0.0,29.87988100000075,40.092469999999594,True,True,False,5,424.0,23.584905660377363,1.6090419095633912,0.03951862492528413,31.488922909564142,29.919399624926037,29.87988100000075
8289,178171862,4.0,2,0.3,17.648669000001973,17.663355083997885,0.144601107850304,6.941091000000597,0.0,17.648669000001973,24.58976000000257,True,True,False,5,306.0,32.679738562091494,1.0936018591461472,0.03679542927778166,18.74227085914812,17.685464429279754,17.648669000001973
8333,111244232,4.0,2,0.0,16.502247000000352,16.5140296249956,0.2085382029607023,6.767103999998653,0.0,16.502247000000352,23.26935099999901,True,True,False,5,155.5,64.51612903225805,1.0661893808096192,0.0697828182277186,17.56843638080997,16.57202981822807,16.502247000000352
8377,146711335,4.0,2,0.6,16.97418100000141,16.983407708001323,0.1554801619267678,6.262423000000126,0.0,16.97418100000141,23.236604000001535,True,True,False,5,402.0,24.87562189054726,0.9866744918859501,0.025505310770318368,17.960855491887358,16.999686310771725,16.97418100000141
8126,55296811,4.0,2,0.0,136.65894800000024,136.75115050000022,0.4422782770404689,17.344108000001142,0.0,136.65894800000024,154.00305600000138,True,True,False,5,336.0,29.761904761904752,2.7326466046953115,0.08397743716441514,139.39159460469554,136.74292543716464,136.65894800000024
8435,260852493,4.0,2,0.0,37.870827999999165,37.89546641700144,0.2362584905823451,10.682272999998531,0.0,37.870827999999165,48.553100999997696,True,True,False,5,198.5,50.50505050505051,1.6830428548918435,0.08659860863473406,39.55387085489101,37.957426608633895,37.870827999999165
8172,31654804,4.0,2,0.3,150.25899199999913,150.35952533300588,0.4173060079182608,20.29800299999988,0.0,150.25899199999913,170.556994999999,True,True,False,5,584.0,17.123287671232877,3.198046793760813,0.057901220808582586,153.45703879375995,150.3168932208077,150.25899199999913
7886,349273478,4.0,1,0.6,229.5560130000013,229.7179869169995,1.5471994611985984,27.203519999999116,0.0,229.5560130000013,256.7595330000004,True,True,False,5,651.0,15.360983102918588,4.286043800220437,0.07005383635741812,233.8420568002217,229.62606683635872,229.5560130000013
7926,349273478,4.0,1,0.0,231.6976109999996,231.854509083998,1.1283585964401466,26.91202500000145,0.0,231.6976109999996,258.60963600000105,True,True,False,5,631.5,15.847860538827257,4.240117378289184,0.07136554071695705,235.93772837828877,231.76897654071655,231.6976109999996
8499,267063469,4.0,2,0.3,31.406020000002172,31.42688766700303,0.2829002331245518,9.896225000000411,0.0,31.406020000002172,41.302245000002586,True,True,False,5,184.0,54.34782608695653,1.5591972585474099,0.08621196673460683,32.96521725854958,31.492231966736778,31.406020000002172
8711,11646650,4.0,4,0.3,16.667529000002105,16.67945837500156,0.1130002589276272,6.213597999998456,0.0,16.667529000002105,22.88112700000056,True,True,False,5,294.0,34.013605442176875,0.978981881203475,0.03424344188161693,17.64651088120558,16.701772441883723,16.667529000002105
7961,141809729,4.0,1,0.6,249.3531440000006,249.5881450829984,0.8822574199882609,24.386319999997795,0.0,249.3531440000006,273.7394639999984,True,True,False,5,285.5,35.08771929824562,3.8421805577434682,0.13851701644457848,253.19532455774407,249.4916610164452,249.3531440000006
8748,340707249,4.0,4,0.6,15.981171999999788,15.989857584005222,0.2107987038659873,6.798081999997521,0.0,15.981171999999788,22.77925399999731,True,True,False,5,119.0,84.03361344537817,1.071070111863482,0.09098597588920807,17.05224211186327,16.072157975888995,15.981171999999788
8472,231280161,4.0,2,0.3,113.37366699999984,113.44498395800474,1.3303126948510948,19.13400299999921,0.0,113.37366699999984,132.50766999999905,True,True,False,5,585.0,17.094017094017097,3.014653064439768,0.05449269138911508,116.38832006443961,113.42815969138896,113.37366699999984
8905,13099134,4.0,4,0.0,39.96648499999719,39.99312166599702,0.2467275628358297,10.640281000003595,0.0,39.96648499999719,50.60676600000079,True,True,False,5,201.5,49.751243781094516,1.6764268158190632,0.08499575026053678,41.642911815816255,40.05148075025773,39.96648499999719
8930,231005223,4.0,4,0.3,17.602598000001308,17.614251582999714,0.1697779909311925,7.0189160000009,0.0,17.602598000001308,24.621514000002207,True,True,False,5,86.0,116.27906976744192,1.1058635575864029,0.12956508423920807,18.70846155758771,17.732163084240515,17.602598000001308
8762,231280161,4.0,4,0.3,141.0190810000022,141.11718983299943,0.7569564417896223,19.720580000001064,0.0,141.0190810000022,160.73966100000325,True,True,False,5,18.5,554.1405337762257,3.1070710571925417,1.7231379472233062,144.12615205719473,142.7422189472255,141.0190810000022
8773,207206422,4.0,4,0.0,155.10207399999854,155.19843645799847,0.3234680111206361,19.417742000001457,0.0,0.0136070000007748,19.43134900000223,True,True,True,5,1.0,999.9999895494971,3.059357491728605,3.05935745978872,3.0729644917293797,3.0729644597894947,0.0136070000007748
9022,234280067,4.0,8,0.3,40.44880600000033,40.47532737500296,0.1078690358154739,11.128139000000374,0.0,0.0083180000001448,11.13645700000052,True,True,True,5,28.5,357.1416494986879,1.7532911611785684,0.6272992892267357,1.7616091611787132,0.6356172892268805,0.0083180000001448
9241,11646650,4.0,8,0.3,18.759289000001445,18.774092624997134,0.1879567700158571,6.790946999997686,0.0,18.759289000001445,25.55023599999913,True,True,False,5,590.0,16.94915254237288,1.0699459587202909,0.019185437787378516,19.829234958721734,18.778474437788823,18.759289000001445
8886,260300455,4.0,4,0.6,192.1557619999985,192.27996949999945,1.805159082539116,27.18158200000107,0.0,0.0164799999984097,27.19806199999948,True,True,True,5,-0.0,1000.0,4.2825873641091965,4.2825873641091965,4.299067364107606,4.299067364107606,0.0164799999984097
9248,370328324,4.0,8,0.6,42.281558999999106,42.30782587500289,0.389793156841393,10.142503999999462,0.0,42.281558999999106,52.42406299999857,True,True,False,5,91.0,109.89010989010995,1.5979996848904146,0.17702533532653264,43.879558684889524,42.45858433532564,42.281558999999106
9354,92130019,4.0,8,0.0,41.80917100000079,41.83553112499794,0.4512184671214451,10.676570999999967,0.0,41.80917100000079,52.485742000000755,True,True,False,5,23.5,434.7344785127289,1.6821444777059975,0.7322361106656239,43.491315477706785,42.54140711066641,41.80917100000079
9401,11646650,4.0,8,0.6,17.836638999997376,17.848224624998693,0.1909819785892364,6.449627000001783,0.0,17.836638999997376,24.28626599999916,True,True,False,5,542.0,18.450184501845015,1.0161693713568272,0.01974493682119296,18.852808371354204,17.85638393681857,17.836638999997376
8936,55296811,4.0,4,0.3,153.72686500000054,153.83050349999394,0.5226748406755036,19.068946999999753,0.0,153.72686500000054,172.7958120000003,True,True,False,5,11.5,832.1193524430901,3.0044031826059165,2.5005259080625373,156.73126818260647,156.2273909080631,153.72686500000054
9483,231293370,4.0,8,0.0,20.69604099999924,20.708965333004016,0.074831776843167,7.403186999999889,0.0,20.69604099999924,28.09922799999913,True,True,False,5,32.0,312.49994643884247,1.166407279029445,0.36530331618542156,21.862448279028687,21.061344316184663,20.69604099999924
9106,55296811,4.0,8,0.3,165.32854999999836,165.51358629199967,1.3078252826972194,18.835175000000163,0.0,165.32854999999836,184.16372499999852,True,True,False,5,8.0,947.2639884313334,2.967571293524525,2.8112297609909067,168.29612129352287,168.13977976098926,165.32854999999836
8592,279854899,4.0,4,0.6,385.08917999999903,385.33862883400434,3.5583142114946136,31.41275400000086,0.0,385.1005100000002,416.5132640000011,True,True,False,5,-0.0,1000.0,4.949228611942785,4.949228611942785,390.049738611943,390.049738611943,385.1005100000002
9559,178171862,4.0,12,0.6,19.077064000000973,19.08883333300037,0.0803772836637023,7.1177780000034545,0.0,19.077064000000973,26.194842000004428,True,True,False,5,92.5,108.69565217391309,1.1214397353085637,0.12289416896944391,20.198503735309536,19.19995816897042,19.077064000000973
9405,262924431,4.0,8,0.0,142.54209799999808,142.63823512499948,0.6160975073809326,17.417077000001882,0.0,142.54209799999808,159.95917499999996,True,True,False,5,15.5,657.7864296374561,2.744143217268297,1.8059983142038194,145.28624121726637,144.3480963142019,142.54209799999808
8872,279854899,4.0,4,0.0,413.1905570000017,413.46176308400027,1.9622845320459172,32.00544300000183,0.0,413.2017190000006,445.2071620000024,True,True,False,5,-0.0,1000.0,5.042609579329105,5.042609579329105,418.2443285793297,418.2443285793297,413.2017190000006
9750,231005223,4.0,12,0.3,20.71313100000043,20.726732458002516,0.1680079439958244,6.999422000000777,0.0,20.71313100000043,27.712553000001208,True,True,False,5,103.0,97.08737864077673,1.1027921852845086,0.10806193270738382,21.815923185284937,20.821192932707813,20.71313100000043
9838,409137046,4.0,12,0.6,42.60282300000108,42.628430709002714,0.2500512971698878,11.110828999997466,0.0,42.60282300000108,53.71365199999855,True,True,False,5,17.0,585.5773745263458,1.7505638884508374,1.0258153542738493,44.353386888451915,43.62863835427493,42.60282300000108
9735,262924431,4.0,12,0.3,144.39663099999962,144.49264170800598,1.0848629920502264,17.344452000001183,0.0,144.39663099999962,161.7410830000008,True,True,False,5,5.5,995.6527424383953,2.7327008035294127,2.7208329171840115,147.12933180352903,147.1174639171836,144.39663099999962
9849,267063469,4.0,12,0.3,42.57731799999965,42.60691308300011,0.1415093730356424,11.312920999997004,0.0,42.57731799999965,53.890238999996654,True,True,False,5,12.5,786.8928848443995,1.7824044430434858,1.4029408377512558,44.35972244304313,43.9802588377509,42.57731799999965
9746,260300455,4.0,12,0.0,212.208587000001,212.40925112499824,0.7296330420298279,26.890245999999024,0.0,0.0181329999977606,26.908378999996785,True,True,True,5,-0.0,1000.0,4.2366859933825465,4.2366859933825465,4.254818993380307,4.254818993380307,0.0181329999977606
9793,207206422,4.0,12,0.6,166.91405300000042,167.02496266600065,1.322074803371459,19.92944499999794,0.0,166.92103399999905,186.850478999997,True,True,False,5,5.5,995.6527424383953,3.139978730108388,3.126342070490265,170.06101273010745,170.04737607048932,166.92103399999905
9927,146711335,4.0,12,0.3,18.908903999999893,18.920649666993995,0.0963936684068203,7.113100000002305,0.0,18.908903999999893,26.0220040000022,True,True,False,5,333.5,30.03003003003003,1.1207026941865927,0.03474069755778775,20.029606694186487,18.94364469755768,18.908903999999893
10057,146711335,8.0,1,0.0,15.938805999998294,15.94865320900135,0.104526959299371,6.1823049999984505,0.0,15.938805999998294,22.121110999996745,True,True,False,5,167.0,59.88023952095808,0.974051520403096,0.05924124861927459,16.91285752040139,15.998047248617569,15.938805999998294
9431,141809729,4.0,8,0.6,380.5208050000001,380.76459229200555,1.811234730135689,29.63115299999845,0.0,380.5318269999989,410.16297999999733,True,True,False,5,-0.0,1000.0,4.6685289112964306,4.6685289112964306,385.20035591129533,385.20035591129533,380.5318269999989
10191,197736345,8.0,1,0.6,30.531141999999814,30.55456291700102,0.1456251213080192,10.20770800000173,0.0,30.531141999999814,40.73885000000155,True,True,False,5,205.5,48.780487804878064,1.60827288482775,0.0799806281019819,32.139414884827566,30.611122628101796,30.531141999999814
10006,55296811,8.0,1,0.0,135.24806700000045,135.3350052080059,1.3672304653667573,17.959899000001315,0.0,135.24806700000045,153.20796600000176,True,True,False,5,318.0,31.44654088050314,2.829667401922375,0.09172119783686457,138.0777344019228,135.33978819783732,135.24806700000045
9489,33878145,4.0,8,0.0,441.8292540000002,442.1143332080028,1.8252345803038048,30.25715399999899,0.0,0.0195170000006328,30.276670999999624,True,True,True,5,-0.0,1000.0,4.767158342523868,4.767158342523868,4.786675342524501,4.786675342524501,0.0195170000006328
9904,260657210,4.0,12,0.6,211.58740100000068,211.73248866599897,1.8486444153948456,22.178884000000835,0.0,211.5971869999994,233.77607100000023,True,True,False,5,-0.0,1000.0,3.4943885300143114,3.4943885300143114,215.0915755300137,215.0915755300137,211.5971869999994
10086,55296811,8.0,1,0.6,132.26562399999966,132.3504659159953,1.1257013082457068,17.89855399999942,0.0,132.26562399999966,150.16417799999908,True,True,False,5,327.5,30.581039755351686,2.8200022057664125,0.08896963213835017,135.08562620576606,132.354593632138,132.26562399999966
10271,197736345,8.0,1,0.3,31.049643000002103,31.070307708003384,0.186449677316937,10.041271999998571,0.0,31.049643000002103,41.09091500000068,True,True,False,5,191.0,52.356020942408364,1.5820501024103624,0.08432757082532127,32.63169310241246,31.133970570827422,31.049643000002103
10319,268534632,8.0,1,0.3,15.970080999999482,15.98024120899936,0.0420613609172828,6.654392000000371,0.0,15.970080999999482,22.624472999999853,True,True,False,5,145.5,68.9655172413793,1.0484310697968127,0.07328074134891772,17.018512069796294,16.0433617413484,15.970080999999482
10252,31654804,8.0,1,0.0,149.32856600000014,149.4302725000016,0.8459852252061133,21.529144999996788,0.0,149.32856600000014,170.85771099999693,True,True,False,5,570.0,17.54385964912281,3.392019064124277,0.06283828716510438,152.7205850641244,149.39140428716524,149.32856600000014
10406,55296811,8.0,1,0.3,131.25162700000146,131.41126766699745,0.5100001202569437,17.841067999997904,0.0,131.25162700000146,149.09269499999937,True,True,False,5,329.0,30.3951367781155,2.8109450133918235,0.08816184132986814,134.0625720133933,131.33978884133134,131.25162700000146
9846,349273478,4.0,12,0.3,424.6953590000012,424.9803916669989,3.156003513721662,30.29443700000047,0.0,424.70784800000183,455.0022850000023,True,True,False,5,-0.0,1000.0,4.773032456278631,4.773032456278631,429.4808804562805,429.4808804562805,424.70784800000183
10443,207206422,8.0,1,0.6,131.49497599999813,131.58069266700477,0.4722243632378604,16.671712999999727,0.0,131.49497599999813,148.16668899999786,True,True,False,5,189.5,52.9100529100529,2.6267075783834453,0.1414644800498386,134.12168357838158,131.63644048004798,131.49497599999813
10667,146711335,8.0,2,0.6,16.222610000000714,16.232486166001763,0.0960849964394867,6.185032000001229,0.0,16.222610000000714,22.407642000001943,True,True,False,5,278.5,35.97122302158273,0.9744811722075356,0.03599176897903913,17.19709117220825,16.25860176897975,16.222610000000714
10502,31654804,8.0,2,0.6,151.8618580000002,151.98958654200396,1.4529777356504094,21.311304999999265,0.0,151.8618580000002,173.17316299999948,True,True,False,5,632.0,15.822784810126583,3.357697337324604,0.056429390372973856,155.2195553373248,151.9182873903732,151.8618580000002
10601,197736345,8.0,2,0.6,30.82195800000045,30.841392875001475,0.1029450177437078,10.01951900000131,0.0,30.82195800000045,40.84147700000176,True,True,False,5,231.5,43.290043290043286,1.5786228139280463,0.06984742534218094,32.4005808139285,30.891805425342632,30.82195800000045
10834,412051524,8.0,2,0.3,29.349985999997443,29.367690167004184,0.1381943198726842,9.98006499999974,0.0,29.349985999997443,39.330050999997184,True,True,False,5,201.5,49.751243781094516,1.5724066488104207,0.07972187128550602,30.922392648807865,29.42970787128295,29.349985999997443
10688,142105308,8.0,2,0.6,77.10900799999945,77.1598484579954,0.2995519618050922,13.86880100000053,0.0,77.10900799999945,90.97780899999998,True,True,False,5,120.0,83.33333333333334,2.1850954781787504,0.1840922930333746,79.2941034781782,77.29310029303282,77.10900799999945
10536,55296811,8.0,2,0.0,130.14624600000025,130.23936612499529,1.2167094105648126,18.001101999998355,0.0,130.14624600000025,148.1473479999986,True,True,False,5,313.5,31.94888178913739,2.836159130297519,0.0933549170023533,132.98240513029776,130.2396009170026,130.14624600000025
11011,197736345,8.0,4,0.6,34.26536699999997,34.28546595899388,0.2366054598508827,10.407153000000108,0.0,34.26536699999997,44.67252000000008,True,True,False,5,187.0,53.47593582887699,1.6396963919962355,0.08923476066855951,35.90506339199621,34.35460176066853,34.26536699999997
10762,231280161,8.0,2,0.3,111.910738999999,111.9951273750048,0.7605258128704757,18.142320999999356,0.0,111.910738999999,130.05305999999837,True,True,False,5,412.0,24.271844660194176,2.8584088545768638,0.07216509944874133,114.76914785457586,111.98290409944774,111.910738999999
11079,267063469,8.0,4,0.3,36.781505999999354,36.80416187499941,0.1519787974809582,10.811710000001767,0.0,36.781505999999354,47.59321600000112,True,True,False,5,237.0,42.19409282700422,1.7034362691037919,0.07350487945310182,38.48494226910314,36.85501087945246,36.781505999999354
10340,33715956,8.0,1,0.3,328.4966720000011,328.71300399999745,2.9614902950175592,28.025109999998676,0.0,328.4966720000011,356.5217819999998,True,True,False,5,623.5,16.051364365971107,4.415489207499397,0.07521490043065458,332.9121612075005,328.57188690043176,328.4966720000011
11201,11646650,8.0,4,0.0,17.100851999999577,17.11136970899679,0.0699329254029198,0.0058910000007017,0.0,17.100851999999577,17.10674300000028,True,True,False,5,,1000.0,0.0009281550339848275,0.0009281550339848275,17.101780155033563,17.101780155033563,17.100851999999577
10896,55296811,8.0,2,0.0,129.05663400000049,129.14002387499932,0.3315331669694201,17.908454000000347,0.0,129.05663400000049,146.96508800000083,True,True,False,5,313.5,31.94888178913739,2.821561997794288,0.09287443828775857,131.87819599779476,129.14950843828825,129.05663400000049
11259,268534632,8.0,4,0.3,17.099983000000066,17.111079624999547,0.1096157078124276,6.812342000001081,0.0,17.099983000000066,23.912325000001147,True,True,False,5,116.0,86.20689655172414,1.0733168426029747,0.09350712373636443,18.17329984260304,17.19349012373643,17.099983000000066
11349,178171862,8.0,4,0.3,17.70140199999878,17.712948540996877,0.0583050763529387,6.845400000001973,0.0,17.70140199999878,24.546802000000753,True,True,False,5,266.0,37.59398496240602,1.07852528753773,0.0415830057230827,18.77992728753651,17.742985005721863,17.70140199999878
11441,11646650,8.0,4,0.0,16.795781000000716,16.807185792000382,0.0653768270119954,0.0059260000016365,0.0,16.795781000000716,16.801707000002352,True,True,False,5,,1000.0,0.0009336694503917598,0.0009336694503917598,16.796714669451106,16.796714669451106,16.795781000000716
11393,111244232,8.0,4,0.0,17.23892100000012,17.25053329199727,0.1019223645052564,6.697758000002068,0.0,17.23892100000012,23.936679000002187,True,True,False,5,401.0,24.937655860349125,1.055263589097537,0.02734372009587291,18.294184589097654,17.266264720095993,17.23892100000012
11500,33495280,8.0,8,0.0,17.682443999998213,17.694604958996933,0.1273552996645259,6.63425400000051,0.0,17.682443999998213,24.316697999998723,True,True,False,5,476.0,21.008403361344538,1.0452582322357822,0.022981483308502536,18.727702232233995,17.705425483306716,17.682443999998213
11533,231293370,8.0,8,0.0,18.71882900000128,18.732145082998613,0.0817842363114876,6.825078999998368,0.0,18.71882900000128,25.543907999999647,True,True,False,5,149.0,67.11409395973155,1.075323617456809,0.07317152239417735,19.79415261745809,18.792000522395455,18.71882900000128
11094,260657210,8.0,4,0.3,168.17702999999892,168.28055341699655,0.6248203708315546,20.756123000002844,0.0,168.17702999999892,188.93315300000177,True,True,False,5,232.0,43.10344827586207,3.2702257759575932,0.1440841492111255,171.4472557759565,168.32111414921005,168.17702999999892
10832,279854899,8.0,2,0.6,280.94484699999884,281.15724066599796,1.1447338882711071,30.304152000000613,0.0,280.94484699999884,311.24899899999946,True,True,False,5,266.5,37.59398496240602,4.7745631006775815,0.18408533117843082,285.71941010067644,281.1289323311773,280.94484699999884
11576,206683782,8.0,8,0.3,37.26151800000298,37.28529183399951,0.2465401525247842,9.972493999997823,0.0,37.26151800000298,47.2340120000008,True,True,False,5,240.0,41.66666666666667,1.571213801795781,0.06697148405922744,38.83273180179876,37.32848948406221,37.26151800000298
10981,141809729,8.0,2,0.3,252.8904450000009,253.05470929200237,0.9369486577198726,24.60739399999875,0.0,252.8904450000009,277.49783899999966,True,True,False,5,318.0,31.44654088050314,3.8770118166060734,0.12566995244925344,256.76745681660697,253.01611495245015,252.8904450000009
11767,146711335,8.0,8,0.0,18.426927000000433,18.44399287499982,0.0318870763745979,6.927819000000454,0.0,18.426927000000433,25.354746000000887,True,True,False,5,273.0,36.63003663003662,1.0915107925004655,0.04103255854532749,19.518437792500897,18.46795955854576,18.426927000000433
11145,388179423,8.0,4,0.3,176.12442200000078,176.2374410410048,0.3863364973586962,23.314618000000337,0.0,176.12442200000078,199.4390400000011,True,True,False,5,88.5,113.63636363636371,3.6733288167638785,0.42067638161286475,179.79775081676465,176.54509838161366,176.12442200000078
11785,260852493,8.0,8,0.0,40.2094270000016,40.23362416700547,0.3132851603449583,10.58995700000014,0.0,40.2094270000016,50.79938400000174,True,True,False,5,183.5,54.64480874316938,1.6684980305656436,0.09275050329588413,41.87792503056724,40.30217750329748,40.2094270000016
11805,13099134,8.0,8,0.6,38.733290000000125,38.75698220800405,0.3261087611828819,9.948399999997491,0.0,38.733290000000125,48.681689999997616,True,True,False,5,396.5,25.25252525252525,1.5674176776425857,0.04110756459896749,40.30070767764271,38.77439756459909,38.733290000000125
11871,24940997,8.0,8,0.6,16.843300999997155,16.854126457998063,0.0541173770225956,6.760389999999461,0.0,16.843300999997155,23.603690999996616,True,True,False,5,104.0,96.15384615384617,1.0651315582163952,0.10337824929127083,17.90843255821355,16.946679249288426,16.843300999997155
11496,260300455,8.0,4,0.3,168.49872099999993,168.60764850000123,0.6602920143635149,25.87189899999794,0.0,168.49872099999993,194.37061999999787,True,True,False,5,34.0,294.1176362886839,4.076240586103346,1.2017687179968222,172.57496158610329,169.70048971799676,168.49872099999993
11748,142105308,8.0,8,0.6,111.50936000000002,111.58235224999952,0.5228587327490157,15.867136000000755,0.0,111.50936000000002,127.37649600000076,True,True,False,5,67.0,149.25373134328373,2.4999426500710187,0.37525046085653113,114.00930265007104,111.88461046085655,111.50936000000002
12042,234280067,8.0,12,0.0,35.932333000000654,35.95460162499512,0.2156111631592803,10.4798469999987,0.0,35.932333000000654,46.41217999999935,True,True,False,5,137.5,72.992700729927,1.6511496770125569,0.12205097293856718,37.58348267701321,36.05438397293922,35.932333000000654
12120,231005223,8.0,12,0.0,18.386428999998316,18.396204542004853,0.1587668865209983,6.516687999999704,0.0,18.386428999998316,24.90311699999802,True,True,False,5,114.0,87.71929824561404,1.0267351504647397,0.09100022181152512,19.413164150463054,18.477429221809842,18.386428999998316
12138,340707249,8.0,12,0.0,16.778157000000647,16.789353042004223,0.0985709158817416,6.684989000001224,0.0,16.778157000000647,23.46314600000187,True,True,False,5,103.0,97.08737864077673,1.0532517724911334,0.10320749791449253,17.83140877249178,16.88136449791514,16.778157000000647
12074,260657210,8.0,12,0.6,198.25763799999913,198.38845958300223,1.2336273588862046,22.03871700000309,0.0,198.2658139999985,220.3045310000016,True,True,False,5,24.5,416.6431358880175,3.4723045533327697,1.4487354269851547,201.73811855333128,199.71454942698367,198.2658139999985
12125,388179423,8.0,12,0.6,189.3358539999972,189.58020337500056,1.122722294083916,23.77548399999796,0.0,189.3358539999972,213.11133799999516,True,True,False,5,46.0,217.39130434739633,3.745940444304074,0.8172635560831488,193.08179444430127,190.15311755608036,189.3358539999972
12351,197736345,8.0,12,0.0,39.146506999997655,39.169389957998646,0.2483032534279629,10.59881299999688,0.0,39.146506999997655,49.745319999994535,True,True,False,5,226.0,44.247787610619476,1.6698933354335717,0.07548349547860858,40.816400335431226,39.22199049547626,39.146506999997655
12164,166975595,8.0,12,0.6,219.5409780000009,219.69099516599815,0.6537490530844395,18.440107999998872,0.0,219.5409780000009,237.98108599999975,True,True,False,5,362.5,27.624309392265197,2.9053266109971436,0.08307988791085269,222.44630461099806,219.62405788791176,219.5409780000009
11681,141809729,8.0,8,0.3,361.40144000000146,361.6656967500021,2.844006641678346,29.037015999998403,0.0,361.4119070000015,390.4489229999999,True,True,False,5,18.0,554.1405337762257,4.5749198046318575,2.537186236090665,365.9868268046334,363.9490932360922,361.4119070000015
12493,111244232,8.0,12,0.3,18.012802000001102,18.023129000001063,0.1452335305628321,6.809317999999621,0.0,18.012802000001102,24.822120000000723,True,True,False,5,224.0,44.64285714285714,1.072840397037911,0.048918582396690814,19.085642397039013,18.061720582397793,18.012802000001102
12617,28077586,16.0,1,0.0,21.691266000001633,21.70327820800594,0.0325689732967435,6.096867000000202,0.0,21.691266000001633,27.788133000001835,True,True,False,5,110.5,90.90909090909092,0.9605903576493149,0.08819878771986718,22.65185635765095,21.7794647877215,21.691266000001633
11812,279854899,8.0,8,0.0,393.4064509999989,393.662824542007,3.001920240629256,31.001517000000604,0.0,0.0195720000047003,31.021089000005304,True,True,True,5,13.5,741.8708283274148,4.884436269103608,3.62488033680466,4.904008269108308,3.64445233680936,0.0195720000047003
12608,142105308,16.0,1,0.0,74.11514399999942,74.16448162499728,0.3008545162291224,13.770508000001428,0.0,74.11514399999942,87.88565200000085,True,True,False,5,107.0,93.45794392523365,2.1696089491100405,0.20473206838633498,76.28475294910946,74.31987606838575,74.11514399999942
12671,11646650,16.0,1,0.0,16.503514000003634,16.512701667001238,0.0755635574046584,0.0059810000020661,0.0,16.503514000003634,16.5094950000057,True,True,False,5,,1000.0,0.00094233496172461,0.00094233496172461,16.504456334965358,16.504456334965358,16.503514000003634
12573,207206422,16.0,1,0.3,126.32287499999802,126.4076388750036,0.7490685637556551,16.30439699999988,0.0,126.32287499999802,142.6272719999979,True,True,False,5,189.0,52.9100529100529,2.5688351977311927,0.13834769373316164,128.89171019772922,126.46122269373119,126.32287499999802
12801,197736345,16.0,1,0.3,29.63458000000537,29.65282712499902,0.1449177653552188,9.914512000003016,0.0,29.63458000000537,39.549092000008386,True,True,False,5,199.5,50.25125628140702,1.5620784622661124,0.07997850509617054,31.196658462271483,29.714558505101543,29.63458000000537
12857,28077586,16.0,1,0.0,21.345221999996284,21.35797641699901,0.0815542784245395,6.221554999996442,0.0,21.345221999996284,27.56677699999273,True,True,False,5,110.5,90.90909090909092,0.9802355443511016,0.09000255520288473,22.325457544347387,21.43522455519917,21.345221999996284
12951,11646650,16.0,1,0.3,16.503154999998515,16.512341416004347,0.0943220273123005,0.0060929999963263,0.0,16.503154999998515,16.50924799999484,True,True,False,5,,1000.0,0.000959981092851158,0.000959981092851158,16.504114981091366,16.504114981091366,16.503154999998515
13027,28077586,16.0,2,0.0,21.422075000002224,21.436688374997175,0.0454886958728196,6.211345999996411,0.0,21.422075000002224,27.63342099999863,True,True,False,5,111.5,90.0900900900901,0.9786270679055318,0.0890541736065091,22.400702067907755,21.511129173608733,21.422075000002224
12180,33715956,8.0,12,0.0,411.9722980000006,412.2414967500008,4.011588420236138,30.324265999999625,0.0,411.9722980000006,442.2965640000002,True,True,False,5,27.5,370.3677950186864,4.777732156924472,1.77252333297394,416.75003015692505,413.74482133297454,411.9722980000006
12848,142105308,16.0,1,0.0,74.11596100000315,74.16060058400035,0.3771271837542725,13.86385799999698,0.0,74.11596100000315,87.97981900000013,True,True,False,5,107.0,93.45794392523365,2.184316685047578,0.20611994300816822,76.30027768505073,74.32208094301131,74.11596100000315
12693,207206422,16.0,1,0.3,126.67732299999624,126.7562590000016,0.6019200408939315,16.29323899999872,0.0,126.67732299999624,142.97056199999497,True,True,False,5,189.0,52.9100529100529,2.5670772018274333,0.13825301475994753,129.24440020182368,126.81557601475619,126.67732299999624
13069,178171862,16.0,2,0.0,16.718753000001016,16.73031812500267,0.1510238309776566,6.463243999998667,0.0,16.718753000001016,23.181996999999683,True,True,False,5,180.0,55.555555555555586,1.0183147943908408,0.057533825102113245,17.737067794391855,16.776286825103128,16.718753000001016
13098,142105308,16.0,2,0.6,73.58318299999519,73.62731079100195,0.448673040164162,13.742369999999935,0.0,73.58318299999519,87.32555299999512,True,True,False,5,117.5,85.4700854700855,2.165175673546547,0.1870358896596602,75.74835867354173,73.77021888965484,73.58318299999519
12491,141809729,8.0,12,0.6,334.9041309999993,335.1206197920037,2.1852005586619354,28.855052999999316,0.0,334.9041309999993,363.75918399999864,True,True,False,5,8.0,947.2639884313334,4.546250669607581,4.306739053317387,339.4503816696069,339.21087005331674,334.9041309999993
13274,92130019,16.0,2,0.3,34.408981000000495,34.43314962500153,0.2341359785328371,9.408907000004548,0.0,34.408981000000495,43.81788800000504,True,True,False,5,129.0,77.51937984496124,1.482417992753198,0.11628225920279056,35.89139899275369,34.525263259203285,34.408981000000495
13364,412051524,16.0,2,0.3,29.244683999997505,29.262909790995764,0.173867402465787,10.54260400000203,0.0,29.244683999997505,39.787287999999535,True,True,False,5,415.0,24.096385542168672,1.661037340476135,0.04164438910742016,30.90572134047364,29.286328389104927,29.244683999997505
13469,178171862,16.0,2,0.3,16.367091000000073,16.379323125001974,0.11602520795187,6.425881999995909,0.0,16.367091000000073,22.792972999995985,True,True,False,5,347.5,28.818443804034587,1.0124282338106048,0.03015887551997953,17.37951923381068,16.397249875520053,16.367091000000073
13143,207206422,16.0,2,0.6,128.33539599999494,128.44074633399578,0.7619152503875583,16.11972400000377,0.0,128.33539599999494,144.45511999999871,True,True,False,5,204.0,49.019607843137265,2.5397390893341374,0.12690984342895115,130.8751350893291,128.4623058434239,128.33539599999494
12630,33715956,16.0,1,0.3,330.6644970000052,330.881109832997,1.432400654085889,27.91139899999689,0.0,330.6644970000052,358.5758960000021,True,True,False,5,635.0,15.748031496062993,4.397573499290513,0.07357712235001945,335.0620704992957,330.7380741223552,330.6644970000052
13491,197736345,16.0,2,0.6,29.67782899999293,29.69836291599495,0.2388232932840748,10.037413999998536,0.0,29.67782899999293,39.71524299999146,True,True,False,5,192.0,52.083333333333336,1.5814422561837933,0.08386436207035268,31.259271256176724,29.761693362063284,29.67782899999293
13603,111244232,16.0,4,0.3,16.2503910000014,16.259612125002604,0.0872114710029191,0.0062179999949876,0.0,16.2503910000014,16.256608999996388,True,True,False,5,496.0,20.161290322580648,0.0009796754364247045,2.0710485846237834e-05,16.251370675437826,16.250411710487246,16.2503910000014
13565,13099134,16.0,4,0.6,35.67117799999687,35.69548462500097,0.1357116153921898,9.350553000003856,0.0,35.67117799999687,45.02173100000073,True,True,False,5,246.0,40.65040650406504,1.4732240428554995,0.06129908117531837,37.14440204285237,35.73247708117219,35.67117799999687
13569,267063469,16.0,4,0.0,33.56057899999723,33.580500083000516,0.1123312818023711,10.19660699999804,0.0,33.56057899999723,43.75718599999527,True,True,False,5,365.5,27.397260273972602,1.606523869544358,0.0455753011586421,35.167102869541594,33.606154301155875,33.56057899999723
13734,412051524,16.0,4,0.0,33.702321999997366,33.72231374999683,0.2373952787854868,10.160454999997455,0.0,33.702321999997366,43.86277699999482,True,True,False,5,334.0,29.940119760479032,1.600827950212298,0.04948032816732334,35.303149950209665,33.751802328164686,33.702321999997366
13771,11646650,16.0,4,0.3,16.80783700000029,16.817169208006817,0.1259328670258021,0.0058770000032382,0.0,16.80783700000029,16.81371400000353,True,True,False,5,,1000.0,0.000925949267880605,0.0009259492678806049,16.80876294926817,16.80876294926817,16.80783700000029
13502,231280161,16.0,4,0.6,122.07745499999874,122.157967500003,0.7871196185461792,18.93676299999788,0.0,122.07745499999874,141.01421799999662,True,True,False,5,423.0,23.640661938534276,2.9835769654951756,0.0734438675068577,125.06103196549391,122.15089886750559,122.07745499999874
13925,13099134,16.0,4,0.6,36.11437999999907,36.13739879100467,0.1247163875655774,9.711609999998473,0.0,36.11437999999907,45.825989999997546,True,True,False,5,246.0,40.65040650406504,1.5301102883249522,0.0636660494553311,37.64449028832403,36.1780460494544,36.11437999999907
13162,279854899,16.0,2,0.0,278.2847660000043,278.4586215829986,1.6537840262745729,29.283220999997862,0.0,278.2847660000043,307.5679870000022,True,True,False,5,428.0,23.364485981308412,4.613710571923407,0.11229838816327897,282.89847657192774,278.39706438816756,278.2847660000043
13097,167551097,16.0,2,0.3,343.7103320000024,343.92638770800113,2.9022164428147565,24.975917000003392,0.0,343.7103320000024,368.6862490000058,True,True,False,5,152.5,65.7894736842105,3.9350743658426643,0.26255898681604395,347.645406365845,343.9728909868184,343.7103320000024
14035,260852493,16.0,8,0.6,38.88394999999582,38.90988849999849,0.2898633105513586,10.381265999996684,0.0,38.88394999999582,49.265215999992506,True,True,False,5,324.5,30.86419753086419,1.6356177721753085,0.05206558219539066,40.51956777217113,38.93601558219121,38.88394999999582
14119,268534632,16.0,8,0.6,16.43275100000028,16.442335667001316,0.129859201390523,6.530508999996528,0.0,16.43275100000028,22.963259999996808,True,True,False,5,279.5,35.84229390681003,1.0289127146678,0.037869635003241614,17.46166371466808,16.47062063500352,16.43275100000028
13626,260300455,16.0,4,0.0,168.91892600000574,169.03114683400054,1.1271351806087475,25.80987300000561,0.0,168.91892600000574,194.72879900001135,True,True,False,5,304.0,32.89473684210525,4.066468095163953,0.1376941717906086,172.98539409516968,169.05662017179634,168.91892600000574
14175,13099134,16.0,8,0.3,36.1926220000023,36.214806957999826,0.3073585453303677,9.67322000000422,0.0,36.1926220000023,45.86584200000652,True,True,False,5,152.0,65.7894736842105,1.5240617614627727,0.10168959331701236,37.71668376146508,36.294311593319314,36.1926220000023
14402,234280067,16.0,8,0.0,34.37459099999978,34.3975087919971,0.2395481831647628,10.271777000001748,0.0,34.37459099999978,44.64636800000153,True,True,False,5,316.0,31.645569620253163,1.618367260123168,0.05277974132016907,35.99295826012295,34.427370741319955,34.37459099999978
14418,340707249,16.0,8,0.3,17.546111000003293,17.557277999992948,0.095783698537211,6.686680000006163,0.0,17.546111000003293,24.232791000009456,True,True,False,5,417.0,23.980815347721816,1.0535181975746277,0.026291452106969513,18.599629197577922,17.572402452110264,17.546111000003293
14441,24940997,16.0,8,0.0,15.49494599999889,15.503977250002208,0.1580731355983625,0.0062099999995552,0.0,15.49494599999889,15.501155999998446,True,True,False,5,492.0,20.32520325203252,0.000978414999142146,2.084405466687661e-05,15.495924414998033,15.494966844053558,15.49494599999889
14203,207206422,16.0,8,0.6,142.12679899999785,142.22239062500012,0.811346615838048,17.863875000002736,0.0,142.12679899999785,159.99067400000058,True,True,False,5,465.5,21.505376344086017,2.814538364582123,0.06327896616362542,144.94133736457997,142.19007796616148,142.12679899999785
14432,231280161,16.0,8,0.0,127.70977400000264,127.7920907499938,0.5312355439520491,18.60454000000027,0.0,127.70977400000264,146.31431400000292,True,True,False,5,584.5,17.123287671232877,2.9312336536947012,0.05307052021729079,130.64100765369733,127.76284452021993,127.70977400000264
13747,167551097,16.0,4,0.3,372.63154499999655,372.86620120800217,1.5039875036164023,26.068672000001243,0.0,372.63154499999655,398.7002169999978,True,True,False,5,80.0,125.0000000000001,4.107243106979871,0.5169956358436205,376.7387881069764,373.14854063584016,372.63154499999655
14617,28077586,16.0,12,0.0,21.978225999999268,21.99221279199992,0.1778780273614517,6.7194799999997485,0.0,21.978225999999268,28.697705999999016,True,True,False,5,141.0,70.92198581560282,1.058685993382661,0.07606673226697813,23.036911993381928,22.054292732266244,21.978225999999268
14476,260300455,16.0,8,0.6,173.18385000000126,173.2926337079989,0.6916663011292405,26.309458999996423,0.0,173.18385000000126,199.49330899999768,True,True,False,5,286.5,34.96503496503496,4.145180242633751,0.14893261974295202,177.329030242635,173.33278261974422,173.18385000000126
13930,33715956,16.0,4,0.3,345.31404199999815,345.5481534169958,1.4150882884811755,29.71227099999669,0.0,345.31404199999815,375.0263129999949,True,True,False,5,239.0,41.84100418410042,4.68130943752902,0.20035164555469484,349.9953514375272,345.51439364555284,345.31404199999815
14707,146711335,16.0,12,0.0,17.762519000003522,17.774733625003137,0.0580884279453066,6.5562169999975595,0.0,17.762519000003522,24.31873600000108,True,True,False,5,353.5,28.328611898017,1.0329631321880508,0.030265109699204172,18.795482132191573,17.792784109702726,17.762519000003522
14620,214772289,16.0,12,0.0,39.826782999996794,39.85064066699124,0.1876103911634598,10.105903000003307,0.0,39.826782999996794,49.9326860000001,True,True,False,5,365.0,27.397260273972602,1.5922330234761788,0.04516988569876861,41.41901602347297,39.87195288569556,39.826782999996794
14020,33715956,16.0,8,0.6,371.189019999998,371.425019916991,0.9365879391038336,30.04558299999917,0.0,371.189019999998,401.2346029999971,True,True,False,5,77.5,129.87012987012994,4.733824326453312,0.6188973070782471,375.9228443264513,371.80791730707625,371.189019999998
14903,111244232,16.0,12,0.3,16.30822199999966,16.320559999992838,0.1645385049707291,6.345549999998184,0.0,16.30822199999966,22.653771999997844,True,True,False,5,159.0,62.89308176100627,0.999771545611814,0.06381467043566758,17.307993545611474,16.372036670435328,16.30822199999966
14801,197736345,16.0,12,0.3,34.898527999997896,34.92119058399112,0.0838659098503082,9.957351999997629,0.0,34.898527999997896,44.85587999999552,True,True,False,5,169.5,59.17159763313608,1.5688281077670754,0.09430458906704767,36.46735610776497,34.992832589064946,34.898527999997896
14606,260300455,16.0,12,0.3,178.94565699999657,179.06035179199534,5.219084952916671,25.750708999999915,0.0,178.94565699999657,204.6963659999965,True,True,False,5,113.0,88.49557522123897,4.057146525917743,0.36273392816569394,183.00280352591432,179.30839092816225,178.94565699999657
14653,207206422,16.0,12,0.0,148.56357099999877,148.64246408299368,10.708028593654936,17.6941599999991,0.0,148.56357099999877,166.25773099999788,True,True,False,5,273.5,36.63003663003662,2.7877989601385065,0.10480017681037962,151.35136996013728,148.66837117680916,148.56357099999877
14773,207206422,16.0,12,0.0,133.916366999998,133.96455979099846,15.978658279157264,15.83795100000134,0.0,133.916366999998,149.75431799999933,True,True,False,5,273.5,36.63003663003662,2.495344414684314,0.09380609563349453,136.41171141468232,134.01017309563147,133.916366999998
14506,349273478,16.0,12,0.0,334.480313,334.66698533299495,56.64836656734376,27.130137000000104,0.0,334.480313,361.6104500000001,True,True,False,5,214.0,46.72897196261684,4.2744819599811095,0.203812816805844,338.75479495998115,334.6841258168059,334.480313
14999,33878145,16.0,12,0.3,188.67451900000017,188.67847616599465,66.03803903398553,14.478054999999586,0.0,188.67451900000017,203.15257399999973,True,True,False,5,37.0,270.27026934692316,2.281086340003086,0.6181727331231011,190.95560534000327,189.29269173312326,188.67451900000017
