tic,P,Rp,b,k,t14_seeded,Lb,obs_R,P_hat,P_true,fap_sealed,fap_full,fap_cur,bitexact,gate_sealed,gate_full,gate_cur,n_cur,curtailed,t_sealed,t_full,t_cur
268765642,0.5,2,0.6,3,0.4,1.2000000000000002,0.9449665165010998,0.7573873326316826,0.5,0.4975024975024975,0.4975024975024975,0.01098901098901099,True,False,False,False,15,True,8.046894,1.4062800000000006,0.021986999999999313
114918596,0.5,2,0.3,5,0.05,0.15000000000000002,0.9186367244924195,1.1472501186577784,0.5,0.6253746253746254,0.6253746253746254,0.01098901098901099,True,False,False,False,15,True,12.72415,1.8177400000000006,0.02707400000000071
251828912,0.5,2,0.0,16,0.05,0.15000000000000002,0.9261939921783934,0.5019808568092832,0.5,0.001998001998001998,0.001998001998001998,0.001998001998001998,True,True,True,True,1000,False,13.397863000000001,2.015008999999999,2.022428999999999
199729914,0.5,1,0.0,2,0.1,0.30000000000000004,1.0,2.2569747756758716,0.5,0.14385614385614387,0.14385614385614387,0.01098901098901099,True,False,False,False,37,True,21.756988,3.007048000000001,0.11399300000000068
375059160,0.5,1,0.0,4,0.8,2.4000000000000004,0.9698306880182517,0.9445815978577683,0.5,0.3066933066933067,0.3066933066933067,0.01098901098901099,True,False,False,False,56,True,29.371838999999998,4.018044999999997,0.22151699999999863
160113035,0.5,4,0.3,48,0.05,0.15000000000000002,0.9939721299387508,0.5003024401250622,0.5,0.000999000999000999,0.000999000999000999,0.000999000999000999,True,True,True,True,1000,False,14.165292,2.1838979999999992,2.163700999999996
150274632,0.5,2,0.0,5,0.05,0.15000000000000002,0.8905348665713303,3.0067401225486643,0.5,0.3886113886113886,0.3886113886113886,0.01098901098901099,True,False,False,False,25,True,35.375682000000005,4.19041,0.1007370000000023
100123131,0.5,4,0.0,5,0.1,0.30000000000000004,0.9021974438862771,3.3444523186711925,0.5,0.3956043956043956,0.3956043956043956,0.01098901098901099,True,False,False,False,27,True,23.055311000000003,3.108075999999997,0.07953799999999944
115693639,0.5,4,0.6,45,0.05,0.15000000000000002,0.9950436252056359,0.5001987245087993,0.5,0.000999000999000999,0.000999000999000999,0.000999000999000999,True,True,True,True,1000,False,14.646942,2.2117370000000065,2.1988310000000055
248955543,0.5,4,0.3,32,0.05,0.15000000000000002,0.9670677113807384,0.5006376430456264,0.5,0.000999000999000999,0.000999000999000999,0.000999000999000999,True,True,True,True,1000,False,9.811027000000003,1.5048080000000041,1.5041729999999944
150104808,0.5,2,0.3,8,0.05,0.15000000000000002,0.8005371301907823,1.2082131926591777,0.5,0.02097902097902098,0.02097902097902098,0.01098901098901099,True,False,False,False,425,True,36.583777999999995,3.8837660000000014,1.6766530000000017
40182390,0.5,4,0.0,32,0.05,0.15000000000000002,0.9966284744164281,0.5005849135133629,0.5,0.000999000999000999,0.000999000999000999,0.000999000999000999,True,True,True,True,1000,False,9.625480000000003,1.5688069999999996,1.5472019999999986
279091054,0.5,4,0.0,6,0.4,1.2000000000000002,0.6920369502953008,0.5260451127618777,0.5,0.926073926073926,0.926073926073926,0.01098901098901099,True,False,False,False,10,True,19.264815,2.6212739999999997,0.024324000000000012
3836364,0.5,8,0.3,31,0.05,0.15000000000000002,0.9620879455554613,0.5012028095738305,0.5,0.000999000999000999,0.000999000999000999,0.000999000999000999,True,True,True,True,1000,False,9.946857000000001,1.5490529999999936,1.5447890000000015
161174069,0.5,8,0.0,49,0.05,0.15000000000000002,0.9600893725465643,0.5002217380909623,0.5,0.000999000999000999,0.000999000999000999,0.000999000999000999,True,True,True,True,1000,False,15.124289999999995,2.2394669999999977,2.236892999999995
20923934,0.5,8,0.6,32,0.05,0.15000000000000002,0.9939829511815353,0.5003941418037893,0.5,0.000999000999000999,0.000999000999000999,0.000999000999000999,True,True,True,True,1000,False,9.909841999999998,1.5827529999999967,1.5678139999999985
70776480,0.5,8,0.6,46,0.05,0.15000000000000002,0.9899339608552032,0.5004798427613929,0.5,0.000999000999000999,0.000999000999000999,0.000999000999000999,True,True,True,True,1000,False,14.370002999999997,2.23983299999999,2.2266400000000033
389527466,0.5,8,0.0,48,0.05,0.15000000000000002,0.9866029945493454,0.5001086965982038,0.5,0.000999000999000999,0.000999000999000999,0.000999000999000999,True,True,True,True,1000,False,14.892779000000004,2.219032999999996,2.2161430000000024
100101948,0.5,4,0.6,70,0.05,0.15000000000000002,0.9953230338907917,0.5000559726478281,0.5,0.000999000999000999,0.000999000999000999,0.000999000999000999,True,True,True,True,1000,False,26.015804999999993,3.943016,3.906057000000004
161376469,0.5,12,0.0,46,0.05,0.15000000000000002,0.9756191271313561,0.5006650172938637,0.5,0.000999000999000999,0.000999000999000999,0.000999000999000999,True,True,True,True,1000,False,14.600651999999997,2.150492,2.148309999999995
218968119,0.5,8,0.0,47,0.05,0.15000000000000002,0.9964375696742658,0.5001885435738327,0.5,0.000999000999000999,0.000999000999000999,0.000999000999000999,True,True,True,True,1000,False,16.64701,2.2287019999999984,2.226362999999992
11645778,0.5,12,0.0,31,0.05,0.15000000000000002,0.9709539767877369,0.5015561029889468,0.5,0.000999000999000999,0.000999000999000999,0.000999000999000999,True,True,True,True,1000,False,9.998429000000002,1.5278610000000015,1.5298449999999946
259472825,0.5,12,0.3,32,0.05,0.15000000000000002,0.988665319096684,0.5009889024177332,0.5,0.000999000999000999,0.000999000999000999,0.000999000999000999,True,True,True,True,1000,False,9.805097000000004,1.5527529999999956,1.5519119999999873
370233036,1.0,1,0.0,2,0.4,1.2000000000000002,1.0,1.3333122041881325,1.0,0.1108891108891109,0.1108891108891109,0.01098901098901099,True,False,False,False,97,True,11.187474000000009,1.7906300000000073,0.1706169999999929
115043101,1.0,2,0.0,2,0.05,0.15000000000000002,1.0,7.39564263578086,1.0,0.16883116883116883,0.16883116883116883,0.01098901098901099,True,False,False,False,71,True,12.501491999999999,1.8362629999999882,0.12678800000000479
218972061,0.5,12,0.6,47,0.05,0.15000000000000002,0.9929387991342172,0.5002160037102609,0.5,0.000999000999000999,0.000999000999000999,0.000999000999000999,True,True,True,True,1000,False,14.853932999999998,2.1878789999999952,2.1857579999999928
327939708,1.0,2,0.3,3,0.05,0.15000000000000002,0.935970926549138,0.530304910963472,1.0,0.48951048951048953,0.48951048951048953,0.01098901098901099,True,False,False,False,20,True,12.220805999999996,1.90176000000001,0.038092999999989274
231668630,1.0,2,0.6,2,0.05,0.15000000000000002,1.0,0.9916553885577741,1.0,0.17182817182817184,0.17182817182817184,0.01098901098901099,True,False,False,False,45,True,13.586729000000005,1.799580000000006,0.08284500000000605
325338671,1.0,2,0.0,4,0.05,0.15000000000000002,0.9609917036968347,0.996187196362066,1.0,0.42857142857142855,0.42857142857142855,0.01098901098901099,True,False,False,False,28,True,13.311949999999996,1.9577850000000012,0.055452999999999975
183594608,0.5,12,0.0,79,0.05,0.15000000000000002,0.9714370070478322,0.5002212472595925,0.5,0.000999000999000999,0.000999000999000999,0.000999000999000999,True,True,True,True,1000,False,28.023658999999995,4.175823000000008,4.197639999999993
150390619,0.5,12,0.3,130,0.05,0.15000000000000002,0.9681916402355236,0.5000260355501703,0.5,0.000999000999000999,0.000999000999000999,0.000999000999000999,True,True,True,True,1000,False,44.695603000000006,7.7215559999999925,7.824877999999998
150270977,0.5,12,0.6,124,0.05,0.15000000000000002,0.8374674505714923,0.5010030332423341,0.5,0.000999000999000999,0.000999000999000999,0.000999000999000999,True,True,True,True,1000,False,43.667243,7.387536999999995,7.496383000000009
139844443,1.0,2,0.6,2,0.1,0.30000000000000004,1.0,5.005496969771002,1.0,0.1888111888111888,0.1888111888111888,0.01098901098901099,True,False,False,False,92,True,12.37147299999998,1.9044939999999997,0.1736699999999871
401986029,1.0,4,0.0,23,0.05,0.15000000000000002,0.9300668999177344,0.5015151444623462,1.0,0.000999000999000999,0.000999000999000999,0.000999000999000999,True,True,True,True,1000,False,14.426886999999994,2.143086000000011,2.158955999999989
231912935,1.0,2,0.3,5,0.1,0.30000000000000004,0.9531769532381839,0.6731435330407552,1.0,0.47352647352647353,0.47352647352647353,0.01098901098901099,True,False,False,False,22,True,26.315922999999984,3.486682000000002,0.07329400000000419
219317391,1.0,4,0.6,25,0.05,0.15000000000000002,0.9388293283310589,0.5007349728616423,1.0,0.000999000999000999,0.000999000999000999,0.000999000999000999,True,True,True,True,1000,False,14.41219799999999,2.0350310000000036,2.0382040000000075
278990983,1.0,4,0.0,4,0.4,1.2000000000000002,0.9800555404249719,0.5081579378025878,1.0,0.2787212787212787,0.2787212787212787,0.01098901098901099,True,False,False,False,51,True,22.498277,2.8754360000000077,0.14175900000000752
355508749,1.0,4,0.6,23,0.05,0.15000000000000002,0.9904526602727554,1.0025510891136988,1.0,0.000999000999000999,0.000999000999000999,0.000999000999000999,True,True,True,True,1000,False,14.627755999999977,2.1390989999999874,2.142511999999982
270269007,1.0,4,0.0,15,0.05,0.15000000000000002,0.9914719588442413,1.0026188582029567,1.0,0.001998001998001998,0.001998001998001998,0.001998001998001998,True,True,True,True,1000,False,13.511487999999986,1.7501399999999876,1.756529999999998
219334689,1.0,4,0.3,43,0.05,0.15000000000000002,0.9970489288315325,1.000693474559761,1.0,0.000999000999000999,0.000999000999000999,0.000999000999000999,True,True,True,True,1000,False,28.120891,4.04018099999999,4.009424000000024
66410290,1.0,8,0.3,27,0.1,0.30000000000000004,0.8145609117890866,1.0036894753103325,1.0,0.000999000999000999,0.000999000999000999,0.000999000999000999,True,True,True,True,1000,False,13.810633999999993,2.1911560000000065,2.1900579999999934
149993861,1.0,4,0.3,65,0.05,0.15000000000000002,0.9313684771635273,0.5000756785918268,1.0,0.000999000999000999,0.000999000999000999,0.000999000999000999,True,True,True,True,1000,False,41.667167000000006,6.564295999999985,6.540044999999992
98678529,1.0,8,0.3,9,0.2,0.6000000000000001,0.945994241173787,0.994681597657581,1.0,0.1048951048951049,0.1048951048951049,0.01098901098901099,True,False,False,False,103,True,8.716010000000011,1.4053739999999948,0.14380500000001462
207174734,1.0,8,0.0,39,0.05,0.15000000000000002,0.9273367840111351,1.0013286547624662,1.0,0.000999000999000999,0.000999000999000999,0.000999000999000999,True,True,True,True,1000,False,26.030371000000002,3.820592000000005,3.81036899999998
41898474,1.0,8,0.6,4,0.1,0.30000000000000004,0.9978897614823254,3.6199952259318398,1.0,0.007992007992007992,0.007992007992007992,0.007992007992007992,True,True,True,True,1000,False,23.072456999999986,2.3488319999999874,2.335489999999993
410253041,1.0,8,0.6,26,0.05,0.15000000000000002,0.8559603713024815,0.5013199184545635,1.0,0.000999000999000999,0.000999000999000999,0.000999000999000999,True,True,True,True,1000,False,14.877409999999998,2.109127000000001,2.1170689999999865
421937394,1.0,12,0.0,26,0.05,0.15000000000000002,0.8564091006938793,0.5012086642712883,1.0,0.000999000999000999,0.000999000999000999,0.000999000999000999,True,True,True,True,1000,False,14.75838299999998,1.937595000000016,1.955658000000028
254302983,1.0,12,0.6,26,0.05,0.15000000000000002,0.8777757816261507,0.5005158575861397,1.0,0.000999000999000999,0.000999000999000999,0.000999000999000999,True,True,True,True,1000,False,14.418766000000005,2.1930749999999932,2.177540999999991
197978738,1.0,12,0.0,26,0.05,0.15000000000000002,0.8631703146835455,1.0050172036947613,1.0,0.000999000999000999,0.000999000999000999,0.000999000999000999,True,True,True,True,1000,False,14.717468999999994,2.0592639999999847,2.0744589999999903
24696180,1.0,8,0.0,50,0.1,0.30000000000000004,0.8834786414455237,1.0016628770831641,1.0,0.000999000999000999,0.000999000999000999,0.000999000999000999,True,True,True,True,1000,False,33.606149000000016,4.504076999999995,4.506785000000008
92497469,1.0,12,0.3,30,0.05,0.15000000000000002,0.659539051759107,0.5010816215878546,1.0,0.001998001998001998,0.001998001998001998,0.001998001998001998,True,True,True,True,1000,False,14.597036000000003,2.108981,2.113958999999994
12787544,1.0,12,0.6,27,0.05,0.15000000000000002,0.8389952009135572,1.0025294485048202,1.0,0.000999000999000999,0.000999000999000999,0.000999000999000999,True,True,True,True,1000,False,14.091646000000026,2.1686750000000075,2.161235000000005
469939625,2.0,2,0.3,3,0.8,2.4000000000000004,0.9402176758468542,0.6111271542879279,2.0,0.6553446553446554,0.6553446553446554,0.01098901098901099,True,False,False,False,12,True,11.46704200000002,1.9618169999999964,0.02557199999998261
155986202,2.0,2,0.0,12,0.1,0.30000000000000004,0.989406849259251,2.0101127007273765,2.0,0.000999000999000999,0.000999000999000999,0.000999000999000999,True,True,True,True,1000,False,14.02730600000001,2.0610550000000103,2.0967899999999986
251885542,2.0,2,0.6,2,0.1,0.30000000000000004,0.9891907318692578,0.6172530339117374,2.0,0.2957042957042957,0.2957042957042957,0.01098901098901099,True,False,False,False,30,True,11.601211000000006,1.9300700000000006,0.060371000000003505
279318109,1.0,8,0.0,65,0.05,0.15000000000000002,0.9290646390642998,0.5002466344813548,1.0,0.000999000999000999,0.000999000999000999,0.000999000999000999,True,True,True,True,1000,False,42.339692000000014,6.504346999999996,6.4921460000000195
308209064,2.0,4,0.0,6,0.05,0.15000000000000002,0.9839743638857359,2.0152420378813076,2.0,0.2097902097902098,0.2097902097902098,0.01098901098901099,True,False,False,False,54,True,12.789287999999999,1.8934639999999945,0.09922799999998233
231840839,1.0,12,0.0,45,0.05,0.15000000000000002,0.906688029996704,0.5001338584143988,1.0,0.000999000999000999,0.000999000999000999,0.000999000999000999,True,True,True,True,1000,False,28.077650000000006,3.974548999999996,3.956729000000024
231704229,2.0,4,0.3,15,0.05,0.15000000000000002,0.868851595434031,0.5011606137264888,2.0,0.000999000999000999,0.000999000999000999,0.000999000999000999,True,True,True,True,1000,False,14.183500999999978,1.9741630000000043,1.978890999999976
375059160,2.0,2,0.0,5,0.8,2.4000000000000004,0.8266444295288391,1.3195961397585354,2.0,0.8621378621378621,0.8621378621378621,0.01098901098901099,True,False,False,False,12,True,29.709159,4.094369999999998,0.05312200000000189
114918596,2.0,4,0.3,13,0.05,0.15000000000000002,0.97540597791197,0.6655143136494048,2.0,0.000999000999000999,0.000999000999000999,0.000999000999000999,True,True,True,True,1000,False,14.134165000000024,1.9763530000000173,1.9852570000000185
268765642,2.0,4,0.6,9,0.1,0.30000000000000004,0.9384931241909957,0.6722747104021066,2.0,0.01098901098901099,0.01098901098901099,0.01098901098901099,True,False,False,False,865,True,9.160892000000018,1.5275749999999562,1.312676999999951
150359212,2.0,2,0.6,17,0.05,0.15000000000000002,0.8759490674658063,0.6664705217184702,2.0,0.00999000999000999,0.00999000999000999,0.00999000999000999,True,True,True,True,1000,False,37.849064,4.947003999999993,4.941158999999999
199729914,2.0,4,0.6,20,0.05,0.15000000000000002,0.9912822306281902,2.0057787589579803,2.0,0.000999000999000999,0.000999000999000999,0.000999000999000999,True,True,True,True,1000,False,25.603818000000018,3.520253000000025,3.4695910000000367
251828912,2.0,4,0.0,12,0.05,0.15000000000000002,0.9897551099985932,1.0026163251118407,2.0,0.000999000999000999,0.000999000999000999,0.000999000999000999,True,True,True,True,1000,False,13.840485999999999,2.0968750000000114,2.095482000000004
150274632,2.0,4,0.0,6,0.05,0.15000000000000002,0.834135669037009,2.7739047268481154,2.0,0.4565434565434565,0.4565434565434565,0.01098901098901099,True,False,False,False,25,True,36.04369,4.283215000000041,0.1078059999999823
150188659,2.0,8,0.6,12,0.05,0.15000000000000002,0.9896233597010939,1.9883346770099148,2.0,0.000999000999000999,0.000999000999000999,0.000999000999000999,True,True,True,True,1000,False,13.978788000000009,2.0198290000000156,2.0053219999999783
160113035,2.0,8,0.3,13,0.1,0.30000000000000004,0.9266947079534538,1.982482602165751,2.0,0.000999000999000999,0.000999000999000999,0.000999000999000999,True,True,True,True,1000,False,13.155880999999965,1.9819540000000302,1.960587999999973
115693639,2.0,8,0.6,12,0.05,0.15000000000000002,0.9884356838487401,2.0130683121001094,2.0,0.000999000999000999,0.000999000999000999,0.000999000999000999,True,True,True,True,1000,False,14.341295000000002,2.0990150000000085,2.097420999999997
248955543,2.0,12,0.0,10,0.05,0.15000000000000002,0.8065791603809533,2.027611443287468,2.0,0.09290709290709291,0.09290709290709291,0.01098901098901099,True,False,False,False,144,True,9.55062700000002,1.4705030000000079,0.2086800000000153
100123131,2.0,8,0.0,21,0.05,0.15000000000000002,0.9775167912266762,2.005303998479406,2.0,0.000999000999000999,0.000999000999000999,0.000999000999000999,True,True,True,True,1000,False,25.353481999999985,3.491347000000019,3.4774360000000115
150104808,2.0,8,0.0,9,0.05,0.15000000000000002,0.7096540292581556,0.7567749990989461,2.0,0.15984015984015984,0.15984015984015984,0.01098901098901099,True,False,False,False,72,True,37.04611,3.9011219999999867,0.27691600000002836
40182390,2.0,12,0.6,9,0.1,0.30000000000000004,0.9450763552676288,1.9667156499014102,2.0,0.01098901098901099,0.01098901098901099,0.01098901098901099,True,False,False,False,974,True,9.18305799999996,1.5231229999999982,1.471774000000039
279091054,2.0,8,0.0,19,0.1,0.30000000000000004,0.9589716924832021,0.5003370598943564,2.0,0.000999000999000999,0.000999000999000999,0.000999000999000999,True,True,True,True,1000,False,21.567097999999987,3.066011000000003,3.0637120000000095
3836364,2.0,12,0.3,9,0.05,0.15000000000000002,0.9303589838361397,1.9681886625219251,2.0,0.007992007992007992,0.007992007992007992,0.007992007992007992,True,True,True,True,1000,False,9.559660000000008,1.518807000000038,1.5184709999999768
161174069,2.0,12,0.0,15,0.1,0.30000000000000004,0.8956609789122943,1.990330012709449,2.0,0.000999000999000999,0.000999000999000999,0.000999000999000999,True,True,True,True,1000,False,13.984510999999998,2.081549999999993,2.101323999999977
100101948,2.0,12,0.3,24,0.1,0.30000000000000004,0.9221329216745755,2.005515064038282,2.0,0.000999000999000999,0.000999000999000999,0.000999000999000999,True,True,True,True,1000,False,25.095016999999984,3.543182999999999,3.4250089999999886
259472825,4.0,2,0.0,3,0.1,0.30000000000000004,0.9999621737177979,4.020203160494931,4.0,0.1878121878121878,0.1878121878121878,0.01098901098901099,True,False,False,False,36,True,8.054512000000045,1.4038449999999898,0.050503999999989446
70776480,2.0,12,0.6,12,0.1,0.30000000000000004,0.9907370806466993,1.0015945002581799,2.0,0.000999000999000999,0.000999000999000999,0.000999000999000999,True,True,True,True,1000,False,13.472822000000008,2.0595630000000256,2.055718000000013
389527466,2.0,12,0.0,12,0.1,0.30000000000000004,0.9619521661097921,2.01751958585399,2.0,0.000999000999000999,0.000999000999000999,0.000999000999000999,True,True,True,True,1000,False,13.96414500000003,2.0636989999999855,2.0533399999999915
80342205,4.0,2,0.6,2,0.1,0.30000000000000004,1.0,1.327311218600547,4.0,0.1798201798201798,0.1798201798201798,0.01098901098901099,True,False,False,False,81,True,11.491387000000032,1.9196870000000104,0.15390100000001894
231009108,4.0,2,0.0,3,0.05,0.15000000000000002,0.9910597193907505,4.0494802885995815,4.0,0.26973026973026976,0.26973026973026976,0.01098901098901099,True,False,False,False,35,True,14.108570000000043,1.7280779999999822,0.061683000000016364
169266000,4.0,4,0.0,7,0.05,0.15000000000000002,0.9691692227360748,4.047554501542288,4.0,0.04795204795204795,0.04795204795204795,0.01098901098901099,True,False,False,False,196,True,13.85131100000001,1.987400999999977,0.3873890000000415
183594608,4.0,2,0.6,4,0.05,0.15000000000000002,0.9864064689473091,1.0007653134883014,4.0,0.36163836163836166,0.36163836163836166,0.01098901098901099,True,False,False,False,27,True,22.313482000000022,2.975785999999971,0.07760600000000295
369219815,4.0,4,0.3,7,0.1,0.30000000000000004,0.9592510008240408,0.5719808317565657,4.0,0.024975024975024976,0.024975024975024976,0.01098901098901099,True,False,False,False,500,True,13.192837999999995,1.9318509999999947,0.9654990000000225
150270977,4.0,1,0.6,2,0.1,0.30000000000000004,1.0,2.641663818666302,4.0,0.14985014985014986,0.14985014985014986,0.01098901098901099,True,False,False,False,67,True,31.103766000000007,3.9555910000000267,0.2623659999999859
370233036,4.0,4,0.6,6,0.1,0.30000000000000004,0.9657721005278839,4.07485823171142,4.0,0.06693306693306693,0.06693306693306693,0.01098901098901099,True,False,False,False,141,True,13.257171000000028,1.9094420000000127,0.2711909999999875
115043101,4.0,4,0.0,7,0.1,0.30000000000000004,0.9537439947457403,2.0138110865078747,4.0,0.03896103896103896,0.03896103896103896,0.01098901098901099,True,False,False,False,215,True,13.176013000000012,1.9140600000000063,0.4134440000000268
327939708,4.0,4,0.3,6,0.1,0.30000000000000004,0.9915503305941493,4.04924394176819,4.0,0.04195804195804196,0.04195804195804196,0.01098901098901099,True,False,False,False,176,True,13.066313999999977,2.020680000000027,0.358949999999993
231668630,4.0,4,0.6,7,0.05,0.15000000000000002,0.9519834999379899,0.5009910025670359,4.0,0.04595404595404595,0.04595404595404595,0.01098901098901099,True,False,False,False,258,True,14.731016000000011,1.868044999999995,0.4789449999999533
325338671,4.0,4,0.0,8,0.1,0.30000000000000004,0.8990460861463957,4.122546235827027,4.0,0.13086913086913088,0.13086913086913088,0.01098901098901099,True,False,False,False,66,True,13.721947,2.019327999999973,0.1313989999999876
139844443,4.0,8,0.3,6,0.1,0.30000000000000004,0.980314083155686,4.072976687847182,4.0,0.004995004995004995,0.004995004995004995,0.004995004995004995,True,True,True,True,1000,False,13.428555000000017,1.9955509999999776,1.999908000000005
207090424,4.0,8,0.6,7,0.1,0.30000000000000004,0.9908150147473073,0.5720072810163098,4.0,0.011988011988011988,0.011988011988011988,0.01098901098901099,True,False,False,False,699,True,12.663748999999996,2.0077780000000303,1.3889760000000138
401986029,4.0,8,0.0,8,0.1,0.30000000000000004,0.9754721897437612,4.045145404933858,4.0,0.028971028971028972,0.028971028971028972,0.01098901098901099,True,False,False,False,312,True,13.315257999999972,1.975424999999973,0.6259780000000319
219317391,4.0,8,0.6,6,0.05,0.15000000000000002,0.988764609560726,1.3410945182236431,4.0,0.006993006993006993,0.006993006993006993,0.006993006993006993,True,True,True,True,1000,False,13.730713999999978,1.8798249999999825,1.8671090000000277
231912935,4.0,8,0.0,16,0.1,0.30000000000000004,0.882744856424351,3.9608991170888683,4.0,0.000999000999000999,0.000999000999000999,0.000999000999000999,True,True,True,True,1000,False,28.366651999999988,3.7735870000000205,3.76942200000002
355508749,4.0,12,0.3,6,0.1,0.30000000000000004,0.9911561001563366,4.048605327238352,4.0,0.011988011988011988,0.011988011988011988,0.01098901098901099,True,False,False,False,692,True,13.717641000000015,2.027638999999965,1.3878300000000081
270269007,4.0,12,0.6,6,0.05,0.15000000000000002,0.9912868598646203,4.050378001706694,4.0,0.005994005994005994,0.005994005994005994,0.005994005994005994,True,True,True,True,1000,False,13.153022000000021,1.6858419999999796,1.6918390000000159
278990983,4.0,8,0.0,10,0.2,0.6000000000000001,0.9900228935217426,4.022426201865057,4.0,0.000999000999000999,0.000999000999000999,0.000999000999000999,True,True,True,True,1000,False,24.225435000000004,3.114810000000034,3.127761000000021
66410290,4.0,12,0.3,7,0.2,0.6000000000000001,0.9839408026956015,4.046785259124618,4.0,0.02097902097902098,0.02097902097902098,0.01098901098901099,True,False,False,False,463,True,12.636076000000003,2.074858000000006,0.9616740000000163
219334689,4.0,12,0.0,16,0.05,0.15000000000000002,0.8059059246774125,0.5721128529463647,4.0,0.000999000999000999,0.000999000999000999,0.000999000999000999,True,True,True,True,1000,False,26.870145000000036,3.581041999999968,3.5946259999999484
149993861,4.0,8,0.3,19,0.1,0.30000000000000004,0.8842782640007313,4.036032523612442,4.0,0.000999000999000999,0.000999000999000999,0.000999000999000999,True,True,True,True,1000,False,37.35168500000003,5.308914000000016,5.299876999999981
207174734,4.0,12,0.0,13,0.1,0.30000000000000004,0.9791692824428303,4.010210047463236,4.0,0.000999000999000999,0.000999000999000999,0.000999000999000999,True,True,True,True,1000,False,23.470170999999993,3.255660999999975,3.2552560000000312
92497469,8.0,2,0.0,2,0.05,0.15000000000000002,0.9999999999999999,0.5499878761606851,8.0,0.022977022977022976,0.022977022977022976,0.01098901098901099,True,False,False,False,378,True,13.200018,1.8716039999999907,0.7050329999999576
12787544,8.0,2,0.3,6,0.1,0.30000000000000004,0.9156834250914534,2.693755545067238,8.0,0.43156843156843155,0.43156843156843155,0.01098901098901099,True,False,False,False,28,True,12.220500000000015,1.9588219999999978,0.05515700000000834
41898474,4.0,12,0.6,4,0.05,0.15000000000000002,0.9856097887462142,3.6199952259318398,4.0,0.000999000999000999,0.000999000999000999,0.000999000999000999,True,True,True,True,1000,False,23.977066999999977,2.4817110000000184,2.4811090000000036
270481071,8.0,2,0.3,2,0.1,0.30000000000000004,1.0,8.008261633879556,8.0,0.18181818181818182,0.18181818181818182,0.01098901098901099,True,False,False,False,55,True,11.55229399999996,1.9072800000000143,0.10557299999999259
144434171,8.0,2,0.0,3,0.1,0.30000000000000004,0.8984179043075688,3.634441118909253,8.0,0.6263736263736264,0.6263736263736264,0.01098901098901099,True,False,False,False,22,True,11.602098000000012,1.926224999999988,0.04188699999997425
24696180,4.0,12,0.0,16,0.2,0.6000000000000001,0.8373306368396628,1.9884524369333163,4.0,0.004995004995004995,0.004995004995004995,0.004995004995004995,True,True,True,True,1000,False,30.417813000000024,3.670995000000005,3.6967639999999733
317088106,8.0,4,0.0,4,0.2,0.6000000000000001,0.9869937644127942,0.730672733740942,8.0,0.16983016983016982,0.16983016983016982,0.01098901098901099,True,False,False,False,58,True,13.823752000000013,2.0199179999999615,0.11519200000003593
219334470,8.0,4,0.3,3,0.1,0.30000000000000004,0.9830953507385024,8.302292642951556,8.0,0.28771228771228774,0.28771228771228774,0.01098901098901099,True,False,False,False,38,True,12.918497000000002,1.89234399999998,0.07156100000003107
267090033,8.0,4,0.6,4,0.05,0.15000000000000002,0.9804634400618143,2.0170816423990874,8.0,0.19080919080919082,0.19080919080919082,0.01098901098901099,True,False,False,False,46,True,13.29466199999996,1.7440579999999954,0.08222399999999652
279318109,8.0,1,0.6,8,0.05,0.15000000000000002,0.7894674795069179,0.61812137020242,8.0,0.6273726273726273,0.6273726273726273,0.01098901098901099,True,False,False,False,16,True,36.672034999999994,4.460241000000053,0.07232999999996537
164768954,8.0,4,0.0,3,0.1,0.30000000000000004,0.9999979142068803,0.8890522469053441,8.0,0.060939060939060936,0.060939060939060936,0.01098901098901099,True,False,False,False,172,True,8.575756999999953,1.4718320000000062,0.2550679999999943
155986202,8.0,4,0.0,4,0.2,0.6000000000000001,0.9906083225264983,8.253350244892065,8.0,0.16483516483516483,0.16483516483516483,0.01098901098901099,True,False,False,False,52,True,12.739720000000034,1.9245369999999866,0.10091399999998885
469939625,8.0,4,0.3,3,0.05,0.15000000000000002,0.9600994301702195,1.1476124548290927,8.0,0.3336663336663337,0.3336663336663337,0.01098901098901099,True,False,False,False,35,True,12.522387000000037,1.9605159999999842,0.06967199999996865
284083051,8.0,8,0.0,3,0.1,0.30000000000000004,0.9972526885848757,1.9972350109513288,8.0,0.09490509490509491,0.09490509490509491,0.01098901098901099,True,False,False,False,70,True,8.59370100000001,1.4357689999999934,0.10024199999998018
251885542,8.0,8,0.3,3,0.2,0.6000000000000001,0.9918374303589709,8.195366809194466,8.0,0.14985014985014986,0.14985014985014986,0.01098901098901099,True,False,False,False,53,True,11.96175599999998,1.9662569999999846,0.10571399999997766
308209064,8.0,8,0.0,3,0.2,0.6000000000000001,0.9921233365793968,8.198041364569338,8.0,0.13186813186813187,0.13186813186813187,0.01098901098901099,True,False,False,False,59,True,12.082853999999998,1.890265999999997,0.11379699999997683
231704229,8.0,8,0.3,4,0.05,0.15000000000000002,0.9261403249675912,1.9638032536942684,8.0,0.37462537462537465,0.37462537462537465,0.01098901098901099,True,False,False,False,24,True,12.908751999999993,1.8057289999999853,0.04431299999998828
268765642,8.0,12,0.3,3,0.2,0.6000000000000001,0.9908326835760115,1.0014042679935073,8.0,0.11888111888111888,0.11888111888111888,0.01098901098901099,True,False,False,False,89,True,8.376636000000019,1.439610000000016,0.12891500000000633
114918596,8.0,12,0.0,8,0.1,0.30000000000000004,0.6092366153685805,1.5585986365741167,8.0,0.9200799200799201,0.9200799200799201,0.01098901098901099,True,False,False,False,12,True,12.802419999999984,1.8380639999999744,0.021713000000033844
150359212,8.0,4,0.6,12,0.1,0.30000000000000004,0.9044094664284206,7.850962821254974,8.0,0.01898101898101898,0.01898101898101898,0.01098901098901099,True,False,False,False,585,True,35.999841,4.764697000000012,2.7907430000000204
199729914,8.0,8,0.6,6,0.05,0.15000000000000002,0.9920545558052737,8.087947217588285,8.0,0.016983016983016984,0.016983016983016984,0.01098901098901099,True,False,False,False,404,True,24.024280999999974,3.180460000000039,1.2841569999999933
251828912,8.0,12,0.6,2,0.1,0.30000000000000004,0.9885120156490452,0.6413004804778522,8.0,0.2037962037962038,0.2037962037962038,0.01098901098901099,True,False,False,False,24,True,12.051924999999983,1.9634340000000066,0.04850299999998242
375059160,8.0,8,0.6,7,0.05,0.15000000000000002,0.9460391347095363,8.149056438092167,8.0,0.007992007992007992,0.007992007992007992,0.007992007992007992,True,True,True,True,1000,False,33.40901400000001,4.363345000000038,4.386535999999978
220482148,8.0,12,0.3,3,0.05,0.15000000000000002,0.983150072104349,8.302460140986538,8.0,0.2647352647352647,0.2647352647352647,0.01098901098901099,True,False,False,False,44,True,12.795398000000034,1.4752180000000408,0.06547499999999218
150188659,8.0,12,0.6,3,0.1,0.30000000000000004,0.9817717241679714,8.29656493235994,8.0,0.15084915084915085,0.15084915084915085,0.01098901098901099,True,False,False,False,81,True,12.527897999999993,1.8172640000000229,0.14495200000004616
150274632,8.0,8,0.0,5,0.05,0.15000000000000002,0.8912774940350122,2.621643936476412,8.0,0.3086913086913087,0.3086913086913087,0.01098901098901099,True,False,False,False,22,True,35.44101999999998,4.129723000000013,0.09134599999998727
20923934,16.0,2,0.3,2,0.05,0.15000000000000002,1.0,5.527686417895666,16.0,0.17082917082917082,0.17082917082917082,0.01098901098901099,True,False,False,False,67,True,8.280703000000017,1.4213770000000068,0.09444600000000491
161174069,16.0,1,0.0,2,0.2,0.6000000000000001,1.0,1.575694069770634,16.0,0.08391608391608392,0.08391608391608392,0.01098901098901099,True,False,False,False,118,True,11.356281999999965,1.8501749999999788,0.21402600000004668
279091054,16.0,1,0.6,3,0.2,0.6000000000000001,0.9999933921056866,0.51553277569544,16.0,0.14485514485514486,0.14485514485514486,0.01098901098901099,True,False,False,False,59,True,17.985025000000007,2.5601540000000114,0.1524870000000078
100123131,8.0,12,0.0,6,0.1,0.30000000000000004,0.983986413737121,1.1442753090151865,8.0,0.03796203796203796,0.03796203796203796,0.01098901098901099,True,False,False,False,187,True,23.319366000000002,3.138495999999975,0.5910499999999956
100101948,16.0,1,0.3,2,0.05,0.15000000000000002,1.0,1.7416966263297124,16.0,0.17582417582417584,0.17582417582417584,0.01098901098901099,True,False,False,False,56,True,21.429583000000036,2.9615309999999795,0.16817900000000918
150104808,8.0,12,0.0,9,0.05,0.15000000000000002,0.8238853026705986,0.7761179118759525,8.0,0.002997002997002997,0.002997002997002997,0.002997002997002997,True,True,True,True,1000,False,36.67775399999999,3.9250690000000077,3.949985999999967
155895287,16.0,4,0.0,2,0.05,0.15000000000000002,0.9884596254421378,0.5169325220499711,16.0,0.3116883116883117,0.3116883116883117,0.01098901098901099,True,False,False,False,41,True,12.042768999999964,1.5275630000001001,0.06647499999996853
80342205,16.0,8,0.3,2,0.1,0.30000000000000004,0.9888798977726977,1.7884602963666145,16.0,0.25574425574425574,0.25574425574425574,0.01098901098901099,True,False,False,False,43,True,11.86463800000007,1.9749160000000074,0.08402699999999186
183594608,16.0,4,0.6,2,0.1,0.30000000000000004,0.991117715767504,0.6818159585352634,16.0,0.26973026973026976,0.26973026973026976,0.01098901098901099,True,False,False,False,38,True,22.09405700000002,3.0659239999999954,0.11610900000005131
231009108,16.0,8,0.6,3,0.1,0.30000000000000004,0.9734785457898457,8.199645562011765,16.0,0.32667332667332666,0.32667332667332666,0.01098901098901099,True,False,False,False,21,True,13.567661000000044,1.715127999999936,0.028044000000022606
369219815,16.0,8,0.3,3,0.2,0.6000000000000001,0.9756134675001628,0.7612225591859422,16.0,0.2817182817182817,0.2817182817182817,0.01098901098901099,True,False,False,False,27,True,12.19194200000004,1.9020920000000388,0.050991999999951076
150270977,16.0,4,0.3,3,0.05,0.15000000000000002,0.9999351900720822,0.5287392418911108,16.0,0.15284715284715283,0.15284715284715283,0.01098901098901099,True,False,False,False,57,True,33.77419900000007,4.102792000000022,0.2402829999999767
370233036,16.0,8,0.6,3,0.1,0.30000000000000004,0.9826772215428801,0.5940781130248792,16.0,0.24575424575424576,0.24575424575424576,0.01098901098901099,True,False,False,False,56,True,12.635123000000021,1.9218950000000632,0.10864700000001903
150390619,16.0,4,0.0,6,0.4,1.2000000000000002,0.9928634310031541,2.664173200925335,16.0,0.03796203796203796,0.03796203796203796,0.01098901098901099,True,False,False,False,332,True,33.72555100000005,4.370910999999978,1.4632660000000897
115043101,16.0,8,0.0,3,0.2,0.6000000000000001,0.9400066087155677,0.6704678523864447,16.0,0.42357642357642356,0.42357642357642356,0.01098901098901099,True,False,False,False,34,True,12.351659999999924,1.8629179999999224,0.06595299999992221
231668630,16.0,12,0.3,2,0.2,0.6000000000000001,0.9754064760560055,0.6426431008351913,16.0,0.2957042957042957,0.2957042957042957,0.01098901098901099,True,False,False,False,28,True,13.178371000000084,1.8191060000000334,0.0513100000000577
325338671,16.0,12,0.6,2,0.2,0.6000000000000001,0.9711408769930261,2.0124775052755544,16.0,0.32367632367632365,0.32367632367632365,0.01098901098901099,True,False,False,False,46,True,12.663253000000054,2.0181669999999485,0.09369500000002517
139844443,16.0,12,0.3,2,0.2,0.6000000000000001,0.9727094199645963,0.6408484495657948,16.0,0.3246753246753247,0.3246753246753247,0.01098901098901099,True,False,False,False,31,True,12.317657000000054,1.8988359999999602,0.057790999999951964
401986029,16.0,12,0.0,2,0.1,0.30000000000000004,0.9890349931788501,0.5729313250387809,16.0,0.2097902097902098,0.2097902097902098,0.01098901098901099,True,False,False,False,60,True,12.61662100000001,1.837081000000012,0.09808699999996406
231912935,16.0,12,0.0,6,0.2,0.6000000000000001,0.8548692312821669,8.249327169667405,16.0,0.5284715284715285,0.5284715284715285,0.01098901098901099,True,False,False,False,15,True,24.289575000000013,2.905412999999953,0.04407800000001316
