tic,sectors_used,n_cadences,sigma_ppm,tau_gp_days,tau_celerite2_days,tau_method,cdpp_1.0h_ppm,cdpp_2.0h_ppm,cdpp_4.0h_ppm,scatter_ratio_halves,acf_lag1
100103683,"[2, 3]",27528,1250.961414270097,0.00833337333824602,0.05281798879141598,acf_efolding(primary)+celerite2_SHOTerm(xcheck),264.5667844356099,200.80475591840624,153.9914022144145,0.9026624389892925,0.0005254057939298826
101932654,[2],16545,4075.6056737237327,0.005555605054269108,0.07606458901072115,acf_efolding(primary)+celerite2_SHOTerm(xcheck),758.8488123512576,544.1680204021859,374.753607395358,1.0286723865463236,0.010069875067508704
101949364,[2],16544,1746.4466613470315,0.0055555952756094484,0.20803509383312493,acf_efolding(primary)+celerite2_SHOTerm(xcheck),341.9533684271879,250.1999574528395,179.88193625798317,1.003751279056026,0.010749268235978306
111269697,[3],10867,951.7053141156811,0.0027777703633091733,0.28509153674039295,acf_efolding(primary)+celerite2_SHOTerm(xcheck),375.95771632794856,340.3154852874895,291.8941109329342,1.0461368654114636,0.13553341830420806
114750450,[2],16545,2351.2659521698242,0.005555651621307334,0.05518677569401784,acf_efolding(primary)+celerite2_SHOTerm(xcheck),434.23546510076346,317.7445565042401,223.40537948938837,1.0367197401290973,0.007334597499289284
114918596,[1],16410,1167.5766918314148,0.005555496049964859,3.960725052471389e-06,acf_efolding(primary)+celerite2_SHOTerm(xcheck),301.006478198009,248.09133836021655,205.5312911671127,1.0591676605060505,0.042827590655638986
114953216,[1],16407,6676.0476341348385,0.16666478367596937,1.0573469373915318,acf_efolding(primary)+celerite2_SHOTerm(xcheck),5035.792814835356,4939.292925530968,4731.496688815123,0.9992131197294449,0.7594301984836017
114990385,[1],16421,724.1029449997043,0.005555502568995507,0.5086943210313811,acf_efolding(primary)+celerite2_SHOTerm(xcheck),371.8245974324604,353.9845284371373,315.843557181486,1.1199193306572455,0.23711783347439283
115114717,[1],16420,375.6492481979105,0.00555550955380113,5.294578594622645e-06,acf_efolding(primary)+celerite2_SHOTerm(xcheck),83.25635068992221,63.959383478833594,50.69927882128654,1.0244713968424433,0.01585771713335625
115115136,[1],16414,2972.570571499773,0.08888810817006743,0.37007892673468834,acf_efolding(primary)+celerite2_SHOTerm(xcheck),5993.464354739626,5692.690359199035,4809.882860782668,1.0154236568982697,0.8917553286881926
115276107,[3],10872,1266.9919587238694,0.002777750339873819,0.004982273007405265,acf_efolding(primary)+celerite2_SHOTerm(xcheck),253.59580309921816,197.91475906265822,153.5744881965351,1.0057388649290744,0.0030169576665885164
117875969,[2],16542,363.8746786237237,0.005555618092785153,3.4754461860484925e-06,acf_efolding(primary)+celerite2_SHOTerm(xcheck),83.99770844084262,70.33951354279783,58.44172070230218,1.024721847977709,0.020181846004726868
118327550,[2],16545,1229.5661739654815,0.005555634390702835,0.019112448379094187,acf_efolding(primary)+celerite2_SHOTerm(xcheck),231.3496927687041,170.04006529043946,124.06347516998684,0.9814643720249409,0.006726906779924793
120414503,[2],16543,515.1252982394194,0.005555547312269482,0.013412099191267377,acf_efolding(primary)+celerite2_SHOTerm(xcheck),104.07812039376019,76.69258565406584,55.906329158112804,1.0355170483897467,0.023681155129355605
12393723,[2],16546,6143.7892079847115,0.005555614833156142,0.019668895368940946,acf_efolding(primary)+celerite2_SHOTerm(xcheck),1476.0078118890406,1275.8259537136812,1075.7258653549666,0.9690266651800563,0.03742414640521789
12470520,[2],16546,1115.3906709002442,0.005555636252665863,0.022968862444912672,acf_efolding(primary)+celerite2_SHOTerm(xcheck),201.16763859927752,142.49643068308518,106.21412331127493,1.0208213013526446,0.0077400181247242435
12773534,[2],16544,510.8602035695718,0.005555483050557086,0.015790720163743516,acf_efolding(primary)+celerite2_SHOTerm(xcheck),98.01443172872868,74.27784218819487,55.676129646450924,1.0347711383365792,0.006928059841246351
139453344,[1],16488,571.9126453499144,0.005555600823527129,0.04649670370025169,acf_efolding(primary)+celerite2_SHOTerm(xcheck),113.98848691596368,85.81975425762238,62.5762834393809,1.0457226277921658,0.01653915085643792
139700906,[1],16482,1288.3720610178057,0.01666651329492197,0.0734495331930175,acf_efolding(primary)+celerite2_SHOTerm(xcheck),654.9408959832281,331.4521710790323,237.92917130671114,1.0928313950081467,0.9279210886714534
144386555,[2],16543,802.6036661564966,0.005555510058457003,0.01627603201619819,acf_efolding(primary)+celerite2_SHOTerm(xcheck),143.48605551585075,105.2190768220218,82.30350456894492,0.9916383343401846,-0.004620193695965627
144435085,[2],16545,385.45135931802804,0.005555535670737299,0.021218948133269154,acf_efolding(primary)+celerite2_SHOTerm(xcheck),85.07955767619588,69.10698196017452,56.67579924801542,1.0180590031966203,0.01835783552325058
150031766,"[1, 2]",33038,1812.3690245873036,0.011111154991112926,0.04289401035800141,acf_efolding(primary)+celerite2_SHOTerm(xcheck),354.44259217317244,252.41419919605235,187.45941717022745,1.0060700720598386,0.0035584407799906697
150032786,"[1, 2]",33037,2250.959838666367,0.011111130459539709,2.6105673213848695,acf_efolding(primary)+celerite2_SHOTerm(xcheck),894.2673623977637,839.2332745695604,800.1379685915703,0.9825357115017935,0.12725050999388024
150065244,"[1, 2]",33040,900.3778653085428,0.011111160593372915,0.1580852335533502,acf_efolding(primary)+celerite2_SHOTerm(xcheck),172.72078157138947,123.43743163432312,89.86869653429991,0.9698516068560433,0.001199463542014092
150102227,"[1, 2, 3]",43894,555.5902646604785,0.013888933258158431,3.304173962862255e-07,acf_efolding(primary)+celerite2_SHOTerm(xcheck),120.69835238757094,90.13458356172818,66.7420006689731,0.9781033597421107,0.023668752732379214
150191881,"[2, 3]",25522,1191.0379275293012,0.008333353999660176,0.041239839572933604,acf_efolding(primary)+celerite2_SHOTerm(xcheck),234.7634219372955,169.75436664697088,126.22183255540007,0.9896892308802872,-0.00512423839984735
150429481,"[2, 3]",27409,667.8524790205216,0.008333377671306152,0.03281652138270567,acf_efolding(primary)+celerite2_SHOTerm(xcheck),134.50100453152578,94.5692465334198,69.42654072625615,1.0014117613952604,0.006812617287305383
150430275,"[1, 2, 3]",40861,1993.8973259107356,0.013888974334577142,0.04417507382659855,acf_efolding(primary)+celerite2_SHOTerm(xcheck),377.5452721246212,275.0088976121187,206.36887229576288,0.9306604538023502,0.006908414716307418
155951271,[2],16544,700.0878341381922,0.005555538464250276,0.018831463286218552,acf_efolding(primary)+celerite2_SHOTerm(xcheck),132.17251500244458,89.7588707432474,61.52306279380728,0.9972681132468167,-0.004737256963739616
155951632,[2],16544,1247.1064960239203,0.005555547778840264,0.029053527611134687,acf_efolding(primary)+celerite2_SHOTerm(xcheck),239.52572575487892,170.91138547729304,119.11524128976833,1.0110422100976548,-0.012746609119388732
156003626,[2],16545,1141.1172728912068,0.005555547777930769,0.03640610813272995,acf_efolding(primary)+celerite2_SHOTerm(xcheck),226.12939974068408,169.48060885366638,120.86256284609541,1.033038385756182,0.007045092675243208
159672838,[1],16291,1412.7006845426922,0.00555552305877427,2.7992340374103404,acf_efolding(primary)+celerite2_SHOTerm(xcheck),749.1526635732446,722.097683848068,701.7859664472871,1.1830482773645388,0.26506080710869145
160069047,[2],16545,1025.8313048072287,0.005555477928737673,0.014140769287572434,acf_efolding(primary)+celerite2_SHOTerm(xcheck),208.52779600638323,160.08758408571407,113.67825268672492,0.9772504878311333,0.008446022786693664
161112458,[1],16491,2197.5873238816384,0.0055556026861722785,0.09954585947387005,acf_efolding(primary)+celerite2_SHOTerm(xcheck),457.0320315237564,339.0126645117,238.66665373594302,1.0128832234850105,0.01588165295895851
161209504,[1],16491,815.683285180934,0.005555594769930394,0.011984321296628861,acf_efolding(primary)+celerite2_SHOTerm(xcheck),169.7552997381115,139.0301865030866,113.81078413707525,0.9963675307033358,-0.002967603409634867
161459089,[1],14676,1150.9463679370688,0.004166732049725397,0.01627623793778833,acf_efolding(primary)+celerite2_SHOTerm(xcheck),272.99775045514565,223.55593785159502,191.32316170037177,0.9687144381287521,0.02507376742926992
167526477,"[1, 2, 3]",43897,386.42867647749375,0.013888974160181533,0.1168937347014403,acf_efolding(primary)+celerite2_SHOTerm(xcheck),131.913232456802,121.02627005610675,112.23173707733943,0.9598540785103079,0.09985272147226659
167813804,"[1, 2, 3]",41822,725.9173013898346,0.013888952855495518,0.047086324930404676,acf_efolding(primary)+celerite2_SHOTerm(xcheck),156.5264131283509,120.28104667497257,94.16450904452073,0.9853232399644998,0.014743370311613055
175391698,[2],16544,3401.178754963089,0.005555493295560154,0.015669945744580194,acf_efolding(primary)+celerite2_SHOTerm(xcheck),668.1249350488742,482.4253082320987,328.421422089388,1.0199840120820238,-0.005591491265396976
179678378,[2],16545,1436.3653063336667,0.0055556250777044625,0.03470822181938713,acf_efolding(primary)+celerite2_SHOTerm(xcheck),338.0893756142583,279.9590270194838,234.8902283899678,1.011350764940705,0.025452937829474068
179985715,[2],16544,2013.9060491943094,0.005555640910188231,0.05549600795941846,acf_efolding(primary)+celerite2_SHOTerm(xcheck),416.18405378750856,306.9129813678005,228.02497582761475,0.9886526896456086,0.012142638244219827
180999563,"[2, 3]",27696,1233.8753676136344,0.008333387775110168,0.022842275071910258,acf_efolding(primary)+celerite2_SHOTerm(xcheck),228.45636238464644,165.41087585802396,118.00052485672143,0.9306270918102859,0.012065422080487387
183529721,[2],16544,1863.988027738313,0.00555557711459187,0.022259335586118964,acf_efolding(primary)+celerite2_SHOTerm(xcheck),344.7942312070844,248.39058422569184,175.37629112076408,1.015058401514066,-0.0007462680095898965
183537557,[2],16544,912.1647951463965,0.005555550105327711,0.011033061785799696,acf_efolding(primary)+celerite2_SHOTerm(xcheck),168.43197366367605,117.43240182714418,84.22994538296359,1.0174249522536989,-0.0013765079422830278
183675957,[2],16541,434.5948223677754,0.005555554761485837,0.9277638987198824,acf_efolding(primary)+celerite2_SHOTerm(xcheck),115.6516764886692,101.37617493704703,90.8543140418004,1.0039092419888758,0.037517204452158226
183979262,"[1, 2]",33028,688.4284482427407,0.06666618526287493,0.26460544224792193,acf_efolding(primary)+celerite2_SHOTerm(xcheck),1399.2715819535983,1310.489016880918,1047.2209126173436,0.8635319498909689,0.9087773715734385
184137441,[2],16543,718.5300817458472,0.005555453015404055,1.7146757763992608,acf_efolding(primary)+celerite2_SHOTerm(xcheck),274.70952528793373,254.83678059530578,239.7030694788608,0.9976249827921502,0.1233018672478802
184398115,[3],8968,739.2324059568365,0.0027777508055351063,0.007491800606376788,acf_efolding(primary)+celerite2_SHOTerm(xcheck),134.776878853967,96.14054332187517,67.84764447903831,0.9809740172442409,0.0016220845674923632
188544142,[2],16545,6197.48054898465,0.005555493295105407,2.157450361919055,acf_efolding(primary)+celerite2_SHOTerm(xcheck),3788.751866532552,3715.420244706339,3639.620074921002,1.070415653883214,0.37938167030913533
188570399,[2],16546,823.9889658148534,0.005555498883040855,0.024218663446945794,acf_efolding(primary)+celerite2_SHOTerm(xcheck),159.8751213877743,110.51821709075892,79.4365050015897,0.9798676559970777,0.008730894149880868
197783882,[1],16490,798.6874471304257,0.005555518400910842,2.3043564129005538e-07,acf_efolding(primary)+celerite2_SHOTerm(xcheck),150.5297673633403,114.46390719077831,88.24565800976966,1.0381271961528222,0.005354083740399272
197809777,[2],16546,661.3998309163753,0.005555636834969846,0.014868231800627005,acf_efolding(primary)+celerite2_SHOTerm(xcheck),138.41041882862365,102.93649890582105,79.71534370244551,1.005394381408996,0.012952626668498094
197829601,"[2, 3]",27739,727.7314381404404,0.008333451222370059,0.039012725953939564,acf_efolding(primary)+celerite2_SHOTerm(xcheck),138.34634596298577,97.59984188076544,70.67980754612384,1.0541807797387914,0.00528428096848087
197892635,"[2, 3]",25362,1471.763293720627,0.008333465190389688,0.8399663563752546,acf_efolding(primary)+celerite2_SHOTerm(xcheck),537.4250055034004,494.2480388238019,451.7841062981316,1.0416910808175317,0.110890568447554
199731707,"[2, 3]",27572,1873.4636974312712,0.008333368216881354,0.09330186999388845,acf_efolding(primary)+celerite2_SHOTerm(xcheck),330.60146533157996,235.2115599225,177.54070828407936,0.9737110087196877,-0.01054236347276723
199735836,"[2, 3]",27616,508.8314465719969,0.008333361696713837,0.0383024846878451,acf_efolding(primary)+celerite2_SHOTerm(xcheck),98.60814331685093,69.61594822679554,52.04924324892095,1.0266829710420196,0.011540466108709225
200742257,"[2, 3]",27406,1684.1703098535488,0.008333450172813173,0.46160736072961367,acf_efolding(primary)+celerite2_SHOTerm(xcheck),566.370670578346,515.8922369668046,462.4288059976101,1.0179209341326994,0.08317599200413428
200769811,"[2, 3]",27605,8471.163636323725,0.008333454829880793,1.381411668465141e-06,acf_efolding(primary)+celerite2_SHOTerm(xcheck),4228.607621126318,3699.410920481895,3051.944793929034,1.0107032244325522,0.2721352412415782
200782823,[3],11331,925.2812827981879,0.002777794577923487,0.012324531712431457,acf_efolding(primary)+celerite2_SHOTerm(xcheck),163.7876425484899,112.35615064425694,83.94993835059644,1.0186361116274205,-0.0004024945130548144
200802812,[3],11200,19343.340393667004,0.002777803891831354,0.006813456543342586,acf_efolding(primary)+celerite2_SHOTerm(xcheck),4350.763375143678,3436.9840405369205,2802.051337760919,0.9672844766242756,0.00861582634235809
204584365,[1],16440,824.4975999541488,0.09444551482874886,0.5981451381076546,acf_efolding(primary)+celerite2_SHOTerm(xcheck),767.3763001227904,742.5887549194441,661.4381896715795,1.0712208801099568,0.8458286948227968
206466813,[3],11126,8154.489333160297,0.0027778023803648466,0.011977997241851886,acf_efolding(primary)+celerite2_SHOTerm(xcheck),1431.8116942525899,990.0604917466483,674.8583799039961,0.9514565296597421,0.005344594065056982
206467901,[3],11194,1968.9226163438775,0.01111124815997755,0.04852128620695738,acf_efolding(primary)+celerite2_SHOTerm(xcheck),741.2519836544419,249.09986445227014,191.19390094397366,1.0340032449289105,0.929717405270641
206469812,[3],11106,15766.264851742955,0.002777810880729703,0.48166565661121025,acf_efolding(primary)+celerite2_SHOTerm(xcheck),5544.960906155044,5163.187431782277,4824.965068869374,0.9980741560728756,0.09706917427475012
206474468,[3],11194,1023.2562318907771,0.0027778162311733468,0.03583882677528989,acf_efolding(primary)+celerite2_SHOTerm(xcheck),202.72334468008108,144.7551432012508,114.82237661191412,0.9603431059534255,0.012375443499611788
206478479,[3],11085,1217.5476676644262,0.0027778024939379975,0.012171147738572764,acf_efolding(primary)+celerite2_SHOTerm(xcheck),234.65051880320863,163.70366314026685,114.64030518936917,0.9635232581040863,0.0010178980621534973
206532858,"[1, 2]",33033,438.1330055859525,0.011111220284874435,0.0495567870154725,acf_efolding(primary)+celerite2_SHOTerm(xcheck),86.18310223088648,61.7690100615915,45.58200603467358,0.9725898349705542,0.013279857512528062
207148330,[3],10887,1820.9435099096306,0.0027777708282883395,0.012658129929916339,acf_efolding(primary)+celerite2_SHOTerm(xcheck),350.1247276347455,249.36317905870223,194.14453819993923,0.9917824682637545,0.016905622231339016
211436475,[2],16547,2092.4499464385663,0.0055556795600750775,0.0271301976654888,acf_efolding(primary)+celerite2_SHOTerm(xcheck),429.83828164585094,345.33784568347284,268.3082614220986,0.9889623408277015,0.00782762070463021
218960215,[2],16546,749.4023338959379,0.005555498883950349,0.024314410624345573,acf_efolding(primary)+celerite2_SHOTerm(xcheck),151.1936284105083,114.56203818083202,80.99046308601818,1.0194306693825943,0.0005687751036571973
219141658,[1],16490,660.1832563015836,0.00555558173141435,0.22495159391619213,acf_efolding(primary)+celerite2_SHOTerm(xcheck),148.2507058102186,110.02197109807534,87.44012459662247,1.0230072488985875,0.03328829672536051
219229293,[3],11109,2062.289138455603,0.0027778115743331,0.007073036605113447,acf_efolding(primary)+celerite2_SHOTerm(xcheck),395.35402117458034,308.4765952458666,230.17036938944514,0.9814565460474344,0.0013502885993228108
219238878,[3],11194,1517.9281870746447,0.0027778267140092794,0.011304203061280656,acf_efolding(primary)+celerite2_SHOTerm(xcheck),273.62983804283107,204.66171272474767,130.9425636587059,0.9965923540267733,0.0027984179223202277
219255235,[3],11142,2533.940354228268,0.002777818969661894,0.007410244498351492,acf_efolding(primary)+celerite2_SHOTerm(xcheck),480.28847957754925,344.91862309985964,229.84287019876757,1.002074290144975,0.006678230979761003
220388567,[1],16489,3613.2516260118186,0.09444446196278022,0.4508214892489639,acf_efolding(primary)+celerite2_SHOTerm(xcheck),62270.77998747489,59639.2040522655,51961.54673130727,1.6660655675065263,0.9992393486590155
220394125,[3],11194,961.8881007565715,0.002777810177349238,0.012133141419228055,acf_efolding(primary)+celerite2_SHOTerm(xcheck),182.21164518955922,130.5057653195823,97.67153961729075,1.0306134379547263,0.012472342598338543
220394510,[3],9030,1417.9353496536135,0.0027778038966062013,0.00895864373322727,acf_efolding(primary)+celerite2_SHOTerm(xcheck),281.9493413300291,232.13573027235427,187.17360551707122,0.9992478358556456,0.0048905754569881395
220408612,"[2, 3]",27706,324.30734266070823,0.00833344797774771,0.03711750888835752,acf_efolding(primary)+celerite2_SHOTerm(xcheck),66.52559013935118,51.029182452475595,38.459808523833566,0.9884473363730648,0.040274785233212956
220413881,"[2, 3]",27705,695.0701150645834,0.00833347211664659,0.017235502678973107,acf_efolding(primary)+celerite2_SHOTerm(xcheck),131.57011207778845,95.31069523771343,67.11735463371669,0.9997812310087986,0.0032113398425763265
220414767,"[1, 2, 3]",43700,1505.4124233695943,0.01388909296156271,0.051255078098175054,acf_efolding(primary)+celerite2_SHOTerm(xcheck),288.40965603555617,210.97869826533355,157.45995666481025,0.9345646615022738,-0.001234750318767413
220416628,[3],11194,1067.1633095417126,0.002777818099275464,0.01898508552226785,acf_efolding(primary)+celerite2_SHOTerm(xcheck),192.96970307488874,132.29987726424343,92.94256645749914,1.0020420001345423,0.004746905847911511
220423078,[3],8914,1407.5712197243554,0.0027778158879527837,0.008870466682096565,acf_efolding(primary)+celerite2_SHOTerm(xcheck),258.0750405104763,188.62075110649792,145.40009777919232,0.9908352423348202,0.005376029705519433
220423277,[3],8976,1544.8201676214571,0.0027778186804425786,0.03889115850873514,acf_efolding(primary)+celerite2_SHOTerm(xcheck),293.56477527436704,209.72132698531564,142.73626797461642,0.976634249967152,0.0059768014840392986
220482527,[1],16489,729.5105941234033,0.005555588716788407,0.0221106075015056,acf_efolding(primary)+celerite2_SHOTerm(xcheck),208.71846850265814,178.0651918844614,154.00039603497777,1.026549145368865,0.05135970943464038
224281503,[2],16544,913.5055226101147,0.00555552729019837,0.017233374244301197,acf_efolding(primary)+celerite2_SHOTerm(xcheck),174.7284861801574,129.10478786775545,94.30125132116956,1.0088521942934061,0.010771411705048289
224285142,[2],16541,1029.8325997897066,0.011111052715023106,0.04848311846802147,acf_efolding(primary)+celerite2_SHOTerm(xcheck),170.69350749344898,136.00483395510463,93.69945188953535,1.0147671175240551,0.7237883681052594
224285897,[2],16545,760.855121159034,0.0055555398607793904,0.5534195905554801,acf_efolding(primary)+celerite2_SHOTerm(xcheck),238.79870078873319,219.49745858927136,203.02729658808076,1.0102501219609454,0.07425974715680825
229037487,[1],16357,944.2946191975225,0.005555627365993132,0.021983041740070968,acf_efolding(primary)+celerite2_SHOTerm(xcheck),193.6039437729972,143.76038154170428,111.5872664220585,1.0215966570334254,0.0070413952840204
229039703,[1],16354,1046.4456211467386,0.005555625504257478,0.025364661177008547,acf_efolding(primary)+celerite2_SHOTerm(xcheck),205.60158053316653,155.04370254694703,109.20465843125285,1.0173287052652527,0.0030109924403358117
231013930,"[2, 3]",27938,1111.9373901210768,0.1333328241653362,1.0415188601545657,acf_efolding(primary)+celerite2_SHOTerm(xcheck),829.2190250275906,813.0722608563815,778.6671894183379,0.9918550535802281,0.5314258463281639
231020078,"[2, 3]",27939,1075.923701160362,0.008333289752840756,0.030525407043489692,acf_efolding(primary)+celerite2_SHOTerm(xcheck),219.27901176748577,139.51067673247834,91.43109083348918,0.9956489434346272,0.6461054102740358
231047005,"[2, 3]",27820,1110.0966420126956,0.008333286493325431,0.027406139025093982,acf_efolding(primary)+celerite2_SHOTerm(xcheck),209.98838032962044,151.2977123530655,111.40828958935985,1.0109950168757609,0.00637086253617857
231061445,"[2, 3]",27711,1289.4895575323071,0.008333337948215558,0.03733543611111072,acf_efolding(primary)+celerite2_SHOTerm(xcheck),250.11841159261164,183.9679038128836,133.36717498768667,0.9899890909709798,0.004398479461041798
231671734,[1],16484,1080.2339909247496,0.14999799100542077,0.8394233608031293,acf_efolding(primary)+celerite2_SHOTerm(xcheck),1085.7015786513177,1063.8493175761716,1009.381993583787,1.937014556837688,0.8508895838671724
231862051,[2],16544,1659.8033994175205,0.005555539162742207,0.03744644113445045,acf_efolding(primary)+celerite2_SHOTerm(xcheck),303.979299892871,204.22004312280663,143.48960865919932,1.0138754391479625,-0.005853772045753689
233959273,"[2, 3]",27662,4563.002309937355,0.008333291150279365,0.031318039623708126,acf_efolding(primary)+celerite2_SHOTerm(xcheck),849.3125479239291,590.8180170527061,425.5397590263245,1.0716538262455675,0.003872193292745154
237356930,[3],11192,321.77308275169315,0.0027778091289292206,1.2498050181002387,acf_efolding(primary)+celerite2_SHOTerm(xcheck),121.39425195366674,114.03421740054584,109.32894657620893,0.9311831435625288,0.1295639427668413
237356985,[3],11194,535.0238028927681,0.002777808082555566,0.008481571105470865,acf_efolding(primary)+celerite2_SHOTerm(xcheck),104.91808337045033,78.06214030196077,56.93252746021829,1.0315185803874305,0.013711121254733023
237912376,"[1, 2]",32767,811.6801785187828,0.01111117791037941,0.05254101921891908,acf_efolding(primary)+celerite2_SHOTerm(xcheck),152.02512833165287,108.11295092877623,78.86747693093892,0.9507086393691183,0.0011390117418144253
240764987,[2],16544,32384.115164705963,0.06666609836338466,0.31171227014916136,acf_efolding(primary)+celerite2_SHOTerm(xcheck),55730.42396667758,51416.95124228853,45549.798149054055,0.9206836881514376,0.9990387572525764
246883482,[2],16546,547.4496097776004,0.00555566698722032,0.014984693566654321,acf_efolding(primary)+celerite2_SHOTerm(xcheck),101.69274297010162,75.28325003800632,54.77680838895601,0.9863153302164992,-0.00237213515696838
248945311,[3],11154,1247.067934418561,0.0027778073840636353,0.015070343142196553,acf_efolding(primary)+celerite2_SHOTerm(xcheck),233.71753661477737,165.64509774885062,113.12020798208786,1.017336259262758,0.0026855347963700405
248952560,[3],11141,2360.160030969714,0.3805607599530276,2.634708978872178,acf_efolding(primary)+celerite2_SHOTerm(xcheck),1976.8066779555531,1955.958423847368,1893.9746155760993,0.9136995358395125,0.7373406700999271
251841265,[2],16545,962.6926009692586,0.005555619025017222,0.016750648376969837,acf_efolding(primary)+celerite2_SHOTerm(xcheck),171.573554626505,119.23292569627641,85.1395924878801,0.9927848428319616,-0.010036892630260873
251845481,[2],16545,563.1420617013098,0.005555625542911002,0.025896106292959284,acf_efolding(primary)+celerite2_SHOTerm(xcheck),105.99518370371564,79.08675761420106,56.212607219887374,0.9868921167187054,-0.0007533037952590859
251846711,[2],16545,478.4986883540544,0.005555644635023782,0.022478772014849373,acf_efolding(primary)+celerite2_SHOTerm(xcheck),89.54667653946484,64.05476525054327,44.26969017390554,1.0639086713401205,-0.002673634702380391
251848320,[2],16545,556.0652886851796,0.005555629268656048,0.019274410939859883,acf_efolding(primary)+celerite2_SHOTerm(xcheck),103.57527248722559,74.80531752056758,57.57032278304815,0.9925410082416366,0.005282314381514834
251848941,[2],16545,1276.1633752078617,0.005555648826430115,0.18828099530816791,acf_efolding(primary)+celerite2_SHOTerm(xcheck),343.28353682071577,288.04430818679856,204.1919897043083,1.0434248280581653,0.04735017835065244
251853202,[2],16544,1395.4172891289973,0.005555652086059126,2.882081899588616,acf_efolding(primary)+celerite2_SHOTerm(xcheck),272.14498862315094,196.51959663161193,139.06497470780778,1.0145437599073979,0.0036166800699671472
251879885,[2],16542,12652.141438127972,0.005555657673539827,8.746129562463182e-08,acf_efolding(primary)+celerite2_SHOTerm(xcheck),3742.0374239896064,3144.6850969442066,2383.993903024261,0.983994363502118,0.16944649378371154
251881536,[2],16545,716.0175080799427,0.005555645567937972,0.06820740909091436,acf_efolding(primary)+celerite2_SHOTerm(xcheck),143.30284368172258,112.15510480558366,87.54079994596643,1.0129652516584666,0.016054930570769472
251882735,[2],16544,578.0062100031766,0.005555654879572103,0.07203957217848915,acf_efolding(primary)+celerite2_SHOTerm(xcheck),106.95750808761082,76.68652240803374,55.924256890923324,0.9688788091499972,0.019167513485201737
257735550,"[1, 2]",33022,358.68346490848614,0.011111223778698331,0.45208357016604117,acf_efolding(primary)+celerite2_SHOTerm(xcheck),148.59261368628037,134.4380279645623,119.50720590379575,1.0480353063924492,0.16018786892728692
260420562,"[1, 2, 3]",43142,1012.1085058243326,0.013889025702383151,0.17073432207830344,acf_efolding(primary)+celerite2_SHOTerm(xcheck),192.50458433208888,141.31608322706293,99.32602678398082,0.9435266538162418,-0.001819086955592755
262820103,[3],11211,349.18472586322025,0.0027778353223766317,0.012178163275923573,acf_efolding(primary)+celerite2_SHOTerm(xcheck),74.75216362491345,57.45398319039657,45.02826202928117,1.0276267368201952,0.017498984696514213
262823544,[1],16490,1279.209164234137,0.0055556208469624835,0.03832195992123466,acf_efolding(primary)+celerite2_SHOTerm(xcheck),359.704014532319,313.5245034692163,280.47566415184474,0.9990631372850404,0.033167760493025715
262824351,[1],16488,1239.9655068444272,0.005555611533509364,0.02037948388139095,acf_efolding(primary)+celerite2_SHOTerm(xcheck),228.99443838282647,161.2460934765081,122.61038697253935,0.9970532708195259,-0.013140666361851645
262829638,[1],16491,517.0918396851542,0.15555730548385327,2.064231835794026,acf_efolding(primary)+celerite2_SHOTerm(xcheck),365.1118532662321,359.4959178405893,353.0204778207309,1.118504441547093,0.48548841615050736
266717622,[3],11097,1366.42621883973,0.002777802726768641,0.24268688319370177,acf_efolding(primary)+celerite2_SHOTerm(xcheck),340.4853608614179,283.1853826432234,249.1542803956109,0.9754260641403182,0.02268401709845221
266877446,[3],11242,1103.414241853421,0.0027778232215496246,0.8053212320985912,acf_efolding(primary)+celerite2_SHOTerm(xcheck),532.8810756001515,508.21479054084483,473.1382819375918,0.927713192890938,0.20224646140341
266968065,[1],16490,795.362134736503,0.0055555263180622205,0.015090575496106417,acf_efolding(primary)+celerite2_SHOTerm(xcheck),148.44865020299792,107.76734211543625,81.88633553339879,1.0161583269647432,0.010430856508960877
267320484,[1],16491,1788.106089979558,0.005555542615979903,0.6613323692788049,acf_efolding(primary)+celerite2_SHOTerm(xcheck),326.2236429467006,229.58261377982873,162.31987823071765,1.0157806676916834,0.015810890927866656
268769168,[3],11130,4548.897482890935,0.002777824152190078,0.01149051055982527,acf_efolding(primary)+celerite2_SHOTerm(xcheck),785.7921297027547,597.042750495116,404.39589283988624,0.9946603812365373,-0.003719089138916507
270166054,[1],11424,1526.580193527279,0.0027778246253546968,0.006727913186308174,acf_efolding(primary)+celerite2_SHOTerm(xcheck),339.2928154851975,267.7950291265319,207.03021870403313,1.0390326658188866,0.007647251160609518
270275818,[1],16488,4808.632324267326,0.005555455304829593,0.01660012085314975,acf_efolding(primary)+celerite2_SHOTerm(xcheck),916.4616305218613,680.943023019251,484.49202159427426,0.9987367318327011,0.009484115709155267
270621379,[2],16543,443.020023752846,0.005555575252856215,0.021400707448766317,acf_efolding(primary)+celerite2_SHOTerm(xcheck),86.15730146657772,65.63616483652751,46.83991973498614,1.0280613121323923,0.0071069933691724355
277802122,[1],16490,761.3052775527158,0.005555511184297757,2.446321666929885,acf_efolding(primary)+celerite2_SHOTerm(xcheck),348.85989034589386,334.95673581809666,326.5246546857866,1.009054065172522,0.178917814320413
277892347,[1],16490,566.9069477020117,0.005555510485351078,0.037917271124140964,acf_efolding(primary)+celerite2_SHOTerm(xcheck),111.37850757853415,79.14996624387364,59.07072203274175,0.9933669310545851,0.011047593461731384
281598447,"[1, 2]",33036,1472.95851077879,0.011111163474197383,0.04764014714763953,acf_efolding(primary)+celerite2_SHOTerm(xcheck),266.83747462369314,193.38601645323646,129.32885884824583,1.0191870474058353,0.001444034463190466
281729296,"[1, 2]",33037,700.960301882494,0.011111200959931011,0.046692832285247364,acf_efolding(primary)+celerite2_SHOTerm(xcheck),129.9174080625354,91.68823819520405,63.64807568841932,1.0112459212889073,0.003148265328118401
281788484,[2],16544,756.6618180089207,0.0055555270550939895,0.021961602524299614,acf_efolding(primary)+celerite2_SHOTerm(xcheck),149.11330424838567,110.09013964655483,76.09656894382073,1.0079131438512938,0.01150315243946293
287174076,[3],11157,151446.7517378376,0.030555748040569597,0.1623758407399686,acf_efolding(primary)+celerite2_SHOTerm(xcheck),118774.45977051032,85441.55118986954,13280.819968799176,1.0256171974587784,0.9974568421701752
293166958,[3],11194,4888.219031538342,0.4166707940385095,2.2401546600185838,acf_efolding(primary)+celerite2_SHOTerm(xcheck),5452.233405531613,5407.532834218964,5369.630759059037,1.3156198456947266,0.9890814414228783
293224564,"[1, 2, 3]",40821,965.3765013024928,0.013888987721884405,0.08906569496096751,acf_efolding(primary)+celerite2_SHOTerm(xcheck),190.22657258557172,141.21965750737067,106.65514537582072,0.9698804854896419,0.012729851383334073
293270932,"[1, 2, 3]",40210,1229.0848201024155,0.01388891975034312,0.0568787368667658,acf_efolding(primary)+celerite2_SHOTerm(xcheck),255.36370364684856,193.47904452383742,150.32970022262688,0.9715254925597979,0.005855625781959696
299134860,[3],11125,1181.0274781067624,0.0027778059868523997,0.006986112615053167,acf_efolding(primary)+celerite2_SHOTerm(xcheck),249.6840169238831,195.88760719833033,149.7441286313972,1.0336755010885892,0.022574816309124893
313934186,[2],16545,9674.463919992833,0.12222338290575863,2.95055374176463,acf_efolding(primary)+celerite2_SHOTerm(xcheck),6294.9126740055135,6211.297178955707,6119.872397577481,1.1103863295702565,0.4263803847505392
316854882,[1],16490,6084.595408889993,0.005555490462256785,0.01674898219992568,acf_efolding(primary)+celerite2_SHOTerm(xcheck),1121.9112512239337,810.5127640441336,613.1069545662765,0.988063393367318,0.013985670223024835
316915259,"[1, 2]",33033,489.2379883320125,0.01111113274055242,0.13234269223369854,acf_efolding(primary)+celerite2_SHOTerm(xcheck),111.47223747558765,88.7059311863972,70.97622982561977,0.9713251115711375,0.029676402589883508
316967137,[2],16059,843.555706474258,0.005555452085218349,1.6969626376252762,acf_efolding(primary)+celerite2_SHOTerm(xcheck),248.21021894773315,220.2075511302566,203.05545692938074,1.003122133984222,0.06856690986824332
317128444,[1],16490,989.0769239685809,0.005555458447361161,0.019287275291524766,acf_efolding(primary)+celerite2_SHOTerm(xcheck),187.28640942603337,135.07837417819147,96.41019876106661,1.018142000221875,0.0024319713290396013
326198086,[3],11019,3505.0636977073086,0.013888757521272055,0.1432997341283039,acf_efolding(primary)+celerite2_SHOTerm(xcheck),2116.7280350374244,1501.7101735279743,914.0687331104465,1.0132026202304631,0.4446931763648819
33493176,[3],11007,7020.424343428029,0.0027777854973010108,0.012769677890772267,acf_efolding(primary)+celerite2_SHOTerm(xcheck),1317.1456022155915,961.1600088646271,724.3849519603284,0.9638058210990534,-0.0026639980350552897
364264680,[3],8731,8993.465135309716,0.0027777990023878374,0.41921248253565147,acf_efolding(primary)+celerite2_SHOTerm(xcheck),4018.0931774982255,3695.0000316238193,2952.7061999017537,1.0109344090816872,0.1865644075924431
369219891,[1],16407,937.678055955944,0.005555494653435744,0.02412972677253928,acf_efolding(primary)+celerite2_SHOTerm(xcheck),177.22118215726246,131.63796502026904,96.37552424153353,1.0302403719937707,0.00014908450929331798
37716825,[3],11180,953.5165236560237,0.0027777244956723735,0.6546763582914643,acf_efolding(primary)+celerite2_SHOTerm(xcheck),475.30799535055075,434.92812598009465,405.953378969806,0.9527620272294968,0.21554566118915658
37744730,[3],11183,1530.3777082797092,0.0027777268242061837,0.2575137493945802,acf_efolding(primary)+celerite2_SHOTerm(xcheck),421.8177720983508,357.342889037456,314.65647566839664,0.9553603827021331,0.029877104915056678
37745685,[3],11186,1793.2710029238206,0.002777720537665118,0.3154134294154197,acf_efolding(primary)+celerite2_SHOTerm(xcheck),381.3757124937199,299.636518296422,223.13273173414328,0.9898854759447969,0.01854895484990207
37773644,[3],11187,1111.3570998732532,0.002777732878257666,0.0073547100419596575,acf_efolding(primary)+celerite2_SHOTerm(xcheck),225.7332439439363,169.3786724524596,129.76996318660213,0.974914829250487,0.01439307399668546
3806602,[3],11188,520.3760464996692,0.0027777496416092617,0.01137934271768552,acf_efolding(primary)+celerite2_SHOTerm(xcheck),109.18566858105021,83.01771978842778,67.13768372820887,0.9929517900631726,0.014076083417507563
380824767,[2],16544,810.3685453203288,0.005555562213430676,0.01365894326946143,acf_efolding(primary)+celerite2_SHOTerm(xcheck),157.4921722500978,115.36724297732925,81.25023130690411,1.0115490925100272,-0.00185483435535497
380827643,[2],16544,646.1672390118048,0.005555559419462952,0.052503392750255645,acf_efolding(primary)+celerite2_SHOTerm(xcheck),129.95052950766282,96.70217334383703,72.53655652277386,1.0258715061308603,0.010463764529334944
382304517,[1],16489,1601.0552237248785,0.005555487085985078,0.04300252297869458,acf_efolding(primary)+celerite2_SHOTerm(xcheck),289.4417360611955,186.4410175587491,128.06428407823955,1.034344855100039,-0.0008577751279831668
382472618,[2],16215,3799.5535920911366,0.005555512388127681,0.018838879839720324,acf_efolding(primary)+celerite2_SHOTerm(xcheck),746.3022838874415,572.2930668221172,448.09820153834744,0.9743814501896771,-0.005217626804877774
3836148,[3],11116,4498.40351152124,0.002777748710968808,0.011992108825592854,acf_efolding(primary)+celerite2_SHOTerm(xcheck),924.0045304337916,696.4276015904175,565.54248996095,0.9361922236471331,0.017810394009021437
393963749,[2],16545,896.7745580579567,0.005555512387672934,0.02151674110293122,acf_efolding(primary)+celerite2_SHOTerm(xcheck),170.05105561985656,121.81882150129796,82.34087468130207,0.9925025498081876,0.006606728548627877
396695653,[3],8805,1199.7489866479177,0.002777802848868305,0.009981354572401626,acf_efolding(primary)+celerite2_SHOTerm(xcheck),209.25832936422523,150.78279326283507,104.60701028047953,0.9844285996952036,-0.011663097341412292
396723074,[3],8925,1104.5194607388185,0.0027777988851767077,0.00999974813468402,acf_efolding(primary)+celerite2_SHOTerm(xcheck),190.0211536059711,131.80403631267862,89.7145826202588,1.0065095785314244,0.004357308126112893
40047077,[3],11160,3759.4852233740703,0.019444123623770793,0.04761316071832418,acf_efolding(primary)+celerite2_SHOTerm(xcheck),4065.057496565325,3572.85234877128,2937.094477227233,0.957688144178079,0.7366660926559605
402026350,[2],16543,1220.7035096184875,0.005555500280479464,0.010818785812098566,acf_efolding(primary)+celerite2_SHOTerm(xcheck),250.40676572010702,172.78676391240643,120.30845271277809,1.0286036864183978,0.01096646749861154
402129754,[2],16545,266.9227427736829,0.00555567397213963,0.020187203662327527,acf_efolding(primary)+celerite2_SHOTerm(xcheck),55.95506113755201,40.0181154588806,29.37174793022903,1.0247743253773596,0.02791910498346319
405428895,[1],16487,1700.1495912443088,0.005555471836032666,0.01596669128611636,acf_efolding(primary)+celerite2_SHOTerm(xcheck),332.71211171667403,236.6743072322244,177.10920945201647,1.0390353725837334,1.869876627820846e-05
408004431,[3],11186,592.6339346760241,0.0027777203055165955,1.8570672748657524,acf_efolding(primary)+celerite2_SHOTerm(xcheck),171.87048751400732,150.74869723502155,140.43649092205916,1.0186221895811036,0.05772994267150337
408083407,[3],11143,1240.7564210933992,0.0027777882912687346,0.007953232523836083,acf_efolding(primary)+celerite2_SHOTerm(xcheck),308.51182825150903,257.7869622245793,221.21013837239923,0.9886533756534237,0.031481843214420324
419051315,[2],16545,2628.147900496822,0.05000111604374524,0.23488086300918223,acf_efolding(primary)+celerite2_SHOTerm(xcheck),2428.6906658201283,2111.337358068704,1607.7898303996353,0.9841981679104764,0.9468163795196293
425931703,"[1, 2]",33032,387.2027166224324,0.011111081983813165,0.05396201633402679,acf_efolding(primary)+celerite2_SHOTerm(xcheck),85.06140246571853,64.6996612642068,49.41191832469146,0.9989507105680547,0.029763510198999053
425936552,"[1, 2]",33029,1867.9454656126172,0.4888898098656682,2.5821992786383614,acf_efolding(primary)+celerite2_SHOTerm(xcheck),2044.6973346201235,2040.3990293499062,2026.2317497640936,0.789032883011103,0.9802485939495517
441056293,[2],16545,854.8998726980577,0.005555658604862401,0.2997286584723561,acf_efolding(primary)+celerite2_SHOTerm(xcheck),321.5045653402625,298.1675074308503,195.0130905971848,0.9833972763688874,0.09975621980460048
441193637,[1],16407,990.4544116627076,0.005555675794767012,0.02221305825915328,acf_efolding(primary)+celerite2_SHOTerm(xcheck),195.98835031241654,140.6146317554879,102.99820779463535,0.9983351012189021,0.015824991433978832
44626145,[1],16488,474.21119162005584,0.14444649314145863,1.8864341394965205,acf_efolding(primary)+celerite2_SHOTerm(xcheck),321.7233220359536,314.9034442728934,307.505268741472,1.0674340004027156,0.5213876891227608
469947160,[2],16544,570.1563673205249,0.0055555638425630605,0.33638718542372126,acf_efolding(primary)+celerite2_SHOTerm(xcheck),179.3782225335795,159.6153548361787,147.514772961702,0.9911311425587624,0.07373543712277475
469948126,[2],16345,1338.287999388405,0.005555573622359589,0.017207784445517182,acf_efolding(primary)+celerite2_SHOTerm(xcheck),265.2271836312185,201.27689520979925,151.0451915968873,1.0255813276191885,0.008847153299721137
469980385,[1],16490,566.7964992758456,0.00555550419926476,0.02709018331211754,acf_efolding(primary)+celerite2_SHOTerm(xcheck),102.85818930823586,70.60471347374393,49.028660310545206,0.9944495860208014,-0.008502354405088694
52077955,[1],16490,1130.2225292295814,0.0055555726514739945,0.4263775426220018,acf_efolding(primary)+celerite2_SHOTerm(xcheck),348.1414766779803,313.96289282333794,286.5941219640095,1.0218708731667936,0.05849461806525312
53938270,[1],16304,1186.0992289840517,0.005555629229547776,0.016963399130983527,acf_efolding(primary)+celerite2_SHOTerm(xcheck),226.66535549218574,170.19173957609078,129.26785358662804,1.0318736289814734,0.0013618959427621998
60111124,[1],16147,4368.108643226578,0.0055556557715590316,0.01591815574588169,acf_efolding(primary)+celerite2_SHOTerm(xcheck),867.8246814621237,633.5059406301907,431.2170669326079,1.0037446088427113,-0.005811416731343671
66356538,[2],16545,926.4130301038489,0.005555658605317149,0.023526754393083472,acf_efolding(primary)+celerite2_SHOTerm(xcheck),180.70251247950452,132.21095164302614,103.01718487095482,0.989667264224629,0.008382827681844566
70722627,[2],16544,1246.7163278498674,0.005555584099511179,0.6936591515743197,acf_efolding(primary)+celerite2_SHOTerm(xcheck),611.9776356277952,583.9472623299814,550.8024221256429,0.9885756063189146,0.2148129835145969
70744320,[2],16546,3202.3711119450877,0.0055556064503434754,1.916978758529156,acf_efolding(primary)+celerite2_SHOTerm(xcheck),1977.816841464853,1938.9913201019374,1903.3073627903893,0.9720040915855582,0.35247819889882814
70777408,[2],16546,588.4204620386739,0.005555605519475648,0.01865995285300424,acf_efolding(primary)+celerite2_SHOTerm(xcheck),109.660271310923,79.52833997924334,60.58283902540809,0.9962047567861815,0.0004531845929252565
79403675,[1],16488,10653.715242403363,0.46110555378663776,2.3305272942038884,acf_efolding(primary)+celerite2_SHOTerm(xcheck),12593.291712411974,12575.673659404154,12480.853630854053,0.979061764901816,0.999009846533089
79424904,[1],16491,1202.1422916748943,0.005555503965410935,0.03348537311435102,acf_efolding(primary)+celerite2_SHOTerm(xcheck),235.87785441809012,178.17571312847184,133.1078283440225,1.0118849832392642,0.010584496163039326
80339388,[2],16541,692.9099386583033,0.0055555696635565255,0.04462677926959742,acf_efolding(primary)+celerite2_SHOTerm(xcheck),130.81632919637252,96.459942479512,67.08553604495675,1.008956459062055,-0.000983365857470457
80438901,[2],16545,1199.2309671174417,0.00555558968699188,0.019217524003203795,acf_efolding(primary)+celerite2_SHOTerm(xcheck),239.29475169066947,186.5347384964181,137.4394175843676,1.0217630800545556,-0.010696874124071788
92196301,[1],16490,1388.7629731748893,0.0055555877851247715,0.016033347740659145,acf_efolding(primary)+celerite2_SHOTerm(xcheck),293.72751527939914,231.3553467365674,190.99833127110534,0.9914642284235384,0.014441021742414028
92444934,[1],16365,2333.7618398476543,0.3833301271365599,2.078691689292586,acf_efolding(primary)+celerite2_SHOTerm(xcheck),2132.7850120649455,2118.861300953389,2081.0512778480966,0.6104026994429865,0.8720455997619294
92451349,[1],16391,416.6628944417877,0.005555514676643725,0.19739474828031106,acf_efolding(primary)+celerite2_SHOTerm(xcheck),242.73995494708075,212.32289625532212,144.5616254615011,1.1002051843521223,0.3083801714571118
92706840,[1],16391,351.08992538432335,0.005555524455758132,0.21362721767735995,acf_efolding(primary)+celerite2_SHOTerm(xcheck),174.10296573023297,148.5974553685274,131.97022591418406,1.1125618034413995,0.21690729929641153
