tic,n_events_ge2,max_event_snr,period_fap,tls_sde
100107681,34,3.9442966312244905,0.16883116883116883,5.6262050066666465
100106368,28,3.5189740066354234,0.35364635364635366,6.478091898252838
100067280,27,3.5097259162578687,0.22877122877122877,6.616164150832232
100103683,26,7.166872139530892,0.913086913086913,5.644304819252204
100102303,32,3.345412384658381,0.97002997002997,9.595587144553917
100101948,34,3.5195249653121197,0.3806193806193806,6.5410705165917635
100123854,8,5.057762475113501,0.6303696303696303,4.945111004380183
100921427,13,3.3850263826018203,0.31368631368631367,5.031669111776963
100100829,35,6.3469900724312165,0.006993006993006993,17.527037758192417
100975203,9,3.0833525208991825,0.2937062937062937,5.205273194315038
100990409,5,2.800580185765102,0.34865134865134867,5.180247655954185
101014057,12,5.214670924790869,0.7152847152847153,5.571767757281706
101017159,12,4.986890055747576,0.7562437562437563,4.961440461691715
101058021,8,2.7443295294479317,0.6503496503496503,5.452196276057419
101017638,12,3.6381497729977266,0.16483516483516483,4.7016168503567615
101070347,14,4.243595616974445,0.8321678321678322,4.999011496349894
101099031,4,2.3958497473054643,0.3046953046953047,6.1730811300024735
101100320,7,2.958145615186766,0.0999000999000999,6.050202342666489
101126095,10,3.8725454981669007,0.5894105894105894,4.901972322864677
101101390,14,3.6962551692273986,0.7712287712287712,5.299174748138157
101139085,9,3.4661947322026467,0.16283716283716285,4.029249921446757
100029948,28,55.01778212775073,0.000999000999000999,40.36208946083365
101930558,16,3.349880999310028,0.8591408591408591,6.260350645550106
101932572,15,3.162576419636707,0.3996003996003996,9.499323334517356
101944261,11,3.2719021298243156,0.4975024975024975,5.935037951133744
101948395,12,3.4036003334088183,0.7302697302697303,4.738594500843134
101933280,10,3.6934061029776357,0.6183816183816184,5.516985570821269
101948780,15,7.674915146654688,0.6623376623376623,5.179094480622283
101949836,11,2.6660252179667436,0.12187812187812187,5.462760532034775
101963736,12,3.3201624112644357,0.1978021978021978,5.428764301223947
101992165,17,3.3849068235793647,0.24375624375624375,4.961951221468336
100123131,33,4.0199350510826894,0.978021978021978,6.14086031869106
102049230,14,3.1710903137602666,0.2757242757242757,4.203620211366313
102029678,18,3.2103441421192125,0.9790209790209791,4.96066261766129
10819945,1,2.053308036307215,,0.0
10802452,2,2.557648445443353,0.15584415584415584,4.18357975045845
10819194,7,3.008275531119663,0.5544455544455544,5.536766527177948
10838083,9,2.8980050226289964,0.6643356643356644,5.453756970188565
111245072,13,3.395618541966319,0.3156843156843157,5.624684702935531
111267568,3,2.321748572668895,0.14785214785214784,12.793142924231374
114750474,11,6.63523258713613,0.061938061938061936,5.482115097703668
114818487,4,2.216475831556525,0.3246753246753247,11.14353537245028
114818789,10,3.8832526051565015,0.38461538461538464,0.0
114858562,11,2.8218342908535745,0.7792207792207793,10.116377349611927
114859570,17,2.8915063946880726,0.6213786213786214,11.966305680010612
102063797,29,3.2701771790468745,0.8661338661338661,5.374695610754697
114918596,13,5.902239919141729,0.6913086913086913,6.050197461001063
114948814,17,4.98183007513236,0.8111888111888111,6.677113963720319
102070608,28,3.579359988217426,0.38961038961038963,5.69281805436684
114950121,3,2.956351475433297,0.6743256743256744,5.937053357834005
114949823,11,5.941532108806546,0.5274725274725275,4.773063986721666
114952667,3,2.9140684503700536,0.061938061938061936,3.876449418489661
102086414,25,4.036274481097055,0.8761238761238761,7.408906752084476
114953091,11,2.9305505466026633,0.08591408591408592,4.84028636556095
11518255,8,3.063976033767404,0.35364635364635366,4.215773719688532
115043101,11,4.059769494230475,0.1928071928071928,4.744156257937368
115273603,14,3.487570449714153,0.7242757242757243,4.645771894675969
115273621,6,3.2585110914305626,0.47052947052947053,6.024928818823019
115012786,13,3.077009214536651,0.056943056943056944,5.441262244871996
115150962,13,3.448844743371039,0.7032967032967034,5.0646813884862745
115276582,12,3.0512645979627124,0.6183816183816184,3.8335891429405304
11528214,10,3.814807162106883,0.06993006993006994,5.293040292100468
115350058,12,3.263543269382567,0.6803196803196803,5.376789756885158
115284339,10,3.5847156932476056,0.6183816183816184,5.699410099384077
115320495,10,3.297986941159194,0.16783216783216784,4.932513570619276
115321756,8,3.097305608779452,0.4955044955044955,3.571940640932764
11545988,11,4.226970959341172,0.7882117882117882,3.3148964839239397
11557550,13,3.11780260803699,0.8291708291708292,5.15428287571136
11645778,10,2.6399358736920493,0.5854145854145855,4.551691643872211
11637281,11,3.2732568385951377,0.38961038961038963,5.571061229691338
11615061,12,3.1277783378523005,0.2817182817182817,4.849765689902462
115692561,11,4.563669236134525,0.2127872127872128,8.440146014075097
11649564,8,2.439012986177329,0.44255744255744256,6.5798706641776885
11649619,14,3.419456766810639,0.34565434565434566,6.066768232061989
115693639,13,3.2866134198763914,0.5784215784215784,5.327920006008244
11649757,3,3.234224538051308,0.005994005994005994,4.058946718777065
11652908,14,3.207131418312816,0.8571428571428571,6.32011882482268
11651884,12,3.0373842320318207,0.5764235764235764,4.857977688964818
116417661,22,73.86244063065938,0.000999000999000999,36.3505502360836
117549467,3,2.3095405117344,0.2127872127872128,4.641244238652288
118826478,16,3.831810081409863,0.3696303696303696,6.147035930454007
117643471,13,3.7911916549449005,0.4775224775224775,5.60966523302354
120461208,17,3.5666424736857687,0.7442557442557443,5.2914659099568
120414543,15,3.1826458154972546,0.7332667332667333,5.319129765086209
120461410,15,3.274856729621046,0.6513486513486514,5.641316599066252
120430207,22,3.486022705639883,0.7972027972027972,5.45075536503421
120505367,4,3.282933020039302,0.5414585414585414,7.1374375320571115
120488121,16,3.0927361811008027,0.5384615384615384,6.543585549824735
120584779,20,3.212147864840591,0.9170829170829171,5.53468679682709
120565939,17,3.5544767175206564,0.21578421578421578,4.548518006948423
120608824,13,3.2934115687277314,0.12987012987012986,4.5129546811758185
121423680,15,3.2320279272281605,0.7672327672327672,5.118880754116796
12377884,0,,,6.522153949296493
12377867,12,3.790888395965446,0.008991008991008992,6.799868245281671
121420805,15,19.736214135937043,0.000999000999000999,25.082883371768133
12393811,2,2.8623735038143945,0.12687312687312688,5.43473570066974
136842674,11,3.0080454700434576,0.7972027972027972,4.46219000747159
12418307,13,35.53649818387019,0.21678321678321677,4.415462346076993
12393831,14,3.518109402813891,0.07892107892107893,5.356733209199493
12434574,8,3.6684227155113285,0.03896103896103896,7.330813656607989
12509612,14,2.671263904673736,0.3276723276723277,6.873501980739318
12784674,7,2.7822693496721276,0.4785214785214785,10.835215053238693
12787544,11,3.7371537067360237,0.14185814185814186,5.175887702335798
136845966,11,3.2004498521593954,0.12287712287712288,4.6704175223585835
139122986,12,2.8616792109097164,0.2787212787212787,5.157613040735527
138711927,16,3.205594167590244,0.6713286713286714,5.541060694963055
139700604,3,2.628625480844947,0.2777222777222777,6.112142738997244
139763851,9,5.569207707253371,0.16683316683316685,9.298208190681125
139844443,16,3.3848111847187727,0.43456543456543456,5.189435263181209
139987152,13,4.071516706573165,0.4115884115884116,5.182364665702721
139825582,7,2.42203035016416,0.6413586413586414,9.344298309816262
143923307,13,2.929540885900116,0.2987012987012987,4.963533635069057
144103775,4,3.0745982148645714,0.7482517482517482,3.826641725002559
144102161,14,3.938321285989608,0.6773226773226774,5.684379532943103
144102233,11,5.656659461204294,0.5474525474525475,5.091825212544436
143952604,3,2.209075037785588,0.07992007992007992,5.04873754428273
143923380,15,3.0547661405027804,0.2047952047952048,5.141148411715164
144068927,12,4.291370485344633,0.5414585414585414,7.50307220059746
144284767,9,2.833197736649155,0.3986013986013986,5.51426580110129
144000467,8,143.3790545425371,0.03596403596403597,21.53074936100946
144308900,19,2.927587730209934,0.5014985014985015,6.845702972534392
144331448,11,2.6994657971077536,0.2097902097902098,6.1594269239217425
144313331,8,2.421560341310902,0.8191808191808192,4.579346561687033
144331556,5,2.9290375621808282,0.12887112887112886,8.042617797613387
144378625,14,3.5432947175070755,0.5854145854145855,5.863314330474962
144335923,12,3.706091024109357,0.5364635364635365,6.281042376797233
144385668,10,2.7394950465395587,0.6573426573426573,5.85049038560961
144387241,16,3.6170273597184655,0.6143856143856143,5.660801655659252
144403828,14,6.542978126006978,0.6303696303696303,6.515083873555378
144387364,12,3.1876645723691373,0.41358641358641357,11.088274791657522
144406842,11,3.6162675481279996,0.16383616383616384,4.719255990391651
144432683,15,2.97631458177574,0.37362637362637363,8.320421526777377
144440091,17,3.2479061463747967,0.5234765234765235,5.805006064271772
144434171,17,3.679425754252328,0.6493506493506493,4.821688484419799
144446304,10,3.066473672961211,0.18581418581418582,8.609675505371097
144458200,12,2.9952279307278507,0.26873126873126874,8.348173051643661
149011533,14,3.1412555498177492,0.6343656343656343,5.533788311982516
149838741,17,3.2055843161807305,0.8601398601398601,5.870736770436112
144462697,39,15.643899086131817,0.000999000999000999,26.707688743860842
150030950,33,3.9039385400822426,0.4855144855144855,8.73298299241715
149971277,44,3.3316728028798925,0.7702297702297702,5.226533428950322
149971537,35,4.8317660918077445,0.5104895104895105,7.205595269191946
149993861,43,4.105468120092978,0.961038961038961,6.59013445697064
150066811,9,3.0609483495571537,0.24475524475524477,7.786893386627071
149973044,32,3.507044389221571,0.4485514485514486,5.24378533046092
150029502,40,4.532230191757716,0.46253746253746253,6.4302484909147894
150062502,44,3.418493127928606,0.5454545454545454,7.340271607248662
149989242,19,3.2334927975006873,0.07492507492507493,6.217221654851985
150188659,5,2.959432762096955,0.07992007992007992,4.553454414277178
150098542,19,5.521773510994713,0.4175824175824176,5.4896213033813215
150106948,27,3.454267056822133,0.2177822177822178,6.3253863157882755
150271706,3,2.8798910476316864,0.45254745254745254,4.4893118935982095
150102227,28,3.5520839642473776,0.7642357642357642,17.753768321375386
150146973,44,3.664527635919151,0.973026973026973,7.468757526082181
150187916,24,3.727243392384055,0.000999000999000999,16.988024639134885
150249622,18,3.2373604266142015,0.13086913086913088,9.221630982710712
150250528,24,4.038013900382216,0.0919080919080919,6.423255557138924
150357290,0,,,0.0
150104808,24,9.51559536813444,0.06293706293706294,5.763036871053153
150270977,24,3.592626863457783,0.6193806193806194,5.678269473103141
150299078,33,3.2315486397713302,0.000999000999000999,6.491715787738191
150274632,19,6.911511818816168,0.15484515484515485,9.28571799496986
150299115,38,3.820525485220524,0.8471528471528471,6.293268713657109
150391118,19,3.5103196094797435,0.3196803196803197,5.9171280054164015
150391740,17,3.3917749918067686,0.07792207792207792,5.9673923422722455
150301109,42,3.4038756203404055,0.26173826173826176,5.389921228561565
150322652,43,3.838659418637571,0.6623376623376623,5.810716801571351
150390619,26,4.582216742041497,0.03496503496503497,8.352640101731913
150360766,25,3.00933238225107,0.13586413586413587,12.094428092834564
152289084,8,3.162396588466638,0.23276723276723277,4.64769201381359
152069565,13,3.6156855251176254,0.5754245754245755,5.120954640405626
150359212,36,4.579980720603354,0.5334665334665335,9.00080192865434
152272780,5,2.866927834561983,0.5914085914085914,4.096911135254419
152318730,8,3.017583108312331,0.015984015984015984,5.93774505165148
152536709,6,3.3052432012942115,0.7372627372627373,4.773917204111381
152475818,10,3.7727145883976334,0.4805194805194805,5.414906317250674
152537042,10,3.559380575906598,0.6493506493506493,8.376382829810968
150442748,18,5.896207748283782,0.27672327672327673,6.664675563443503
154844651,12,2.7423959165363714,0.6733266733266733,5.3874294854712925
154616668,12,4.322354344789685,0.7412587412587412,8.214159316805372
155315895,6,3.7294285415037476,0.4035964035964036,5.687461945396097
154844384,10,4.463045575131485,0.42657342657342656,8.146390037425672
155895287,0,,,7.762889284300395
155986202,15,3.301780479472593,0.5234765234765235,5.374522121936372
150391436,31,3.9244676411984525,0.06793206793206794,6.955817075718381
155316003,15,6.457603215908768,0.6333666333666333,4.712842388014859
155967977,13,2.5782237833746393,0.4195804195804196,5.9227647093153895
155944894,10,5.745766886648195,0.00999000999000999,4.9214330824366455
156087003,17,2.88195091248524,0.4435564435564436,5.339709128975786
156083493,17,3.479254708263356,0.4905094905094905,5.039430367432588
158536201,16,3.95320458817351,0.6493506493506493,5.585739718029245
158536220,10,3.533739983905074,0.12087912087912088,6.189530205817403
159628098,17,3.8246636156349414,0.7642357642357642,5.43724015428717
150440079,26,6.712994107101737,0.6073926073926074,7.554655718584524
160080353,10,3.808196259087817,0.2857142857142857,7.313632365195559
160113035,9,3.1368354730782233,0.16783216783216784,5.457937537970259
159641248,7,4.110827539335525,0.13686313686313686,5.850104334458037
160192747,11,2.9125556208778627,0.6513486513486514,5.843682564619312
160148428,16,2.6067834129839644,0.4075924075924076,4.261209808871298
160197441,7,3.8215962835021715,0.47052947052947053,4.292606118021235
160225415,6,2.5956557567910075,0.29270729270729273,6.021464390846535
160081043,62,13.795910478405284,0.991008991008991,25.577320273423723
161153394,16,3.5310218089233674,0.957042957042957,5.092444527773266
161112458,14,3.968890851321374,0.35764235764235763,6.4673152009686445
150441905,41,5.813127890230472,0.8991008991008991,7.672986582069006
161168147,13,3.234344191507267,0.5054945054945055,5.369177960706568
158624328,27,3.392158903094266,0.1088911088911089,6.353538745185132
161154963,5,3.9929749453965484,0.08791208791208792,7.767977223356477
161168483,12,5.9956453997508765,0.5824175824175825,10.173820971184407
161169062,17,3.420374485999185,0.8721278721278721,5.1950100399841
161170644,5,3.36272937168628,0.21578421578421578,5.504861218396173
161174069,14,4.1299295114313574,0.2547452547452547,4.623112381175904
161173424,14,3.7742316884377693,0.12187812187812187,5.760222880771154
161221229,2,2.26236698362317,0.08091908091908091,6.554016042556011
161223640,15,3.182171296250674,0.8191808191808192,4.405155068306487
161271850,11,3.084200634850738,0.11988011988011989,5.507822270496359
161264425,3,3.0930872660754094,0.16883116883116883,6.392872394512951
161272468,13,4.880530942272404,0.1848151848151848,9.34418517673024
161306328,18,5.71014421306257,0.9180819180819181,5.916763561710848
161291273,15,3.199779579858228,0.44755244755244755,5.770660373183342
161313695,17,4.068156677614758,0.03596403596403597,5.9852116090336045
161376469,13,3.718544943609533,0.5194805194805194,3.7685262700317983
161358441,14,2.813253878673383,0.3996003996003996,4.321581174580378
161440068,14,6.649481894166728,0.18581418581418582,4.640391075831656
161376559,16,4.259399249859259,0.1798201798201798,4.961867549697109
164695091,12,3.511518291853441,0.8801198801198801,5.125785218656885
164699594,0,,,4.823806778351097
164681149,8,3.3771051090008206,0.5884115884115884,5.305973892408424
164698728,5,6.470778621274322,0.3626373626373626,6.100429606669233
161458420,11,4.95757584677425,0.7322677322677322,5.281549517536689
164720895,10,6.455918090718776,0.6913086913086913,4.499661864035074
164720937,6,12.967871753143147,0.14785214785214784,3.184812958159402
164753256,3,2.5888524833256885,0.26973026973026976,6.44356170211604
164768954,12,5.898613666529008,0.3086913086913087,4.7840533519892485
164775178,4,3.929012130534037,0.1918081918081918,5.412683647700631
165940959,4,2.6674257763546088,0.26573426573426573,4.34230532618731
165889185,8,2.7812574440470454,0.31368631368631367,4.091924397478495
164772943,13,4.129339990616959,0.47052947052947053,6.366114500327077
169266000,11,3.3466818055267655,0.3126873126873127,4.296221432528743
169304346,11,3.7924070503154583,0.6503496503496503,5.353048902442268
167526213,9,4.105362392799485,0.5274725274725275,6.367984063842934
167655998,23,4.06002063177429,0.8281718281718282,5.70782308512853
175392087,7,3.3007160161787703,0.2937062937062937,5.25484375996397
175397329,14,3.116712500976629,0.6433566433566433,4.999011836536261
175405928,11,3.015430048101404,0.2707292707292707,5.418779605852002
175405764,5,3.611816207381999,0.2597402597402597,6.156804644028278
175409859,15,3.172502971265369,0.14985014985014986,7.0208575977322765
175411371,16,3.5181601098968103,0.35764235764235763,5.354885188730918
175457541,17,3.420167743199479,0.6923076923076923,5.494322494673335
175475124,15,3.811851587623959,0.13486513486513488,6.504367655196354
179282641,18,3.690515454400134,0.4785214785214785,4.372814929745484
179284271,15,3.8706589350217193,0.5944055944055944,6.2240114574193734
167549317,24,3.446975175453667,0.10989010989010989,6.543079668741938
167797589,31,3.7510952444864145,0.5714285714285714,6.222074234337286
179492666,10,3.152272848617266,0.2957042957042957,4.540210288054297
167526477,19,3.328133460219925,0.3096903096903097,6.416522220635502
179491590,20,4.33208589089788,0.3886113886113886,4.757393303429201
179677415,0,,,4.356837255628019
167723227,37,3.781459032372439,0.8291708291708292,5.649800256846078
167698166,36,5.854506205327917,0.983016983016983,10.188235630633974
179677491,15,3.3788069666716694,0.7772227772227772,5.144295713007224
179823111,18,2.955195736794509,0.18081918081918083,7.871483727142654
180413022,2,2.345767784685365,0.1068931068931069,4.35726902313158
179986582,4,3.322562787042317,0.0939060939060939,3.847405947251653
180444255,23,3.748204943984192,0.6073926073926074,5.196880578152233
180444967,18,2.834042734590961,0.6913086913086913,6.388711806768726
180724548,4,2.5729717260738156,0.1958041958041958,5.697870155257124
181230103,6,3.3136874660396898,0.20279720279720279,5.874801367175975
181454895,20,4.035512199422338,0.7542457542457542,6.9475990828779075
183495016,11,3.1516329871645063,0.1918081918081918,5.365370326249312
182521219,17,3.6513386643745753,0.18281718281718282,6.566123340400198
183529176,20,3.0763046305248833,0.939060939060939,6.439811718037042
183529571,1,2.1902590072176076,,6.972156774408871
180551167,25,3.2902846895087228,0.24675324675324675,6.252851136435966
183529462,5,3.833553989019042,0.055944055944055944,5.976680925334121
180723706,21,2.9405685910150066,0.3256743256743257,9.220418850651242
183529631,17,3.5246397466485604,0.8421578421578422,5.016724140241977
183563012,0,,,4.073652859439841
180724528,3,2.280884053226874,0.12787212787212787,6.968111825644608
183533154,5,2.5424452159253903,0.25874125874125875,5.648286134809537
183536420,11,3.1826110511819556,0.34065934065934067,6.422889652850959
183532275,4,3.004506264593031,0.3826173826173826,7.938762831668886
180999563,25,3.0145398637958873,0.5404595404595405,6.794473870432434
183584918,18,4.529076109480597,0.6623376623376623,4.292409784417134
183585025,17,3.579141244429308,0.26073926073926074,4.219948547535577
183585325,17,3.255022041168631,0.8001998001998002,5.0456246997209835
183984138,13,3.869940527084935,0.3756243756243756,5.318928587493228
184137441,2,2.703059102233965,0.13186813186813187,4.797416008113804
184240478,7,3.1355939907382036,0.41358641358641357,4.755746319440466
184449225,4,2.3864261700526708,0.0899100899100899,6.151511581254047
183619369,22,3.567949102964622,0.4145854145854146,6.442187583736006
183594608,26,3.389544175295879,0.3726273726273726,6.98250850946484
183620516,12,3.5367924977777503,0.16283716283716285,6.337732055670355
188544193,15,3.3059272886901514,0.7252747252747253,5.0566181579655085
183591107,10,6.088619944578329,0.07692307692307693,7.770674404984633
197807043,12,3.066446527277199,0.44555444555444557,5.192146840509239
183981752,25,3.5523463475092862,0.8501498501498501,6.0728433077039
183645350,20,2.7655541522588227,0.04895104895104895,7.325703689197587
197784342,17,3.1423068262289826,0.36663336663336665,6.661524689309979
197830265,16,3.228489981701516,0.5214785214785215,4.900670830070479
197804282,17,3.0230451588866107,0.10589410589410589,6.536335615081863
197804126,27,3.057296087750577,0.8211788211788211,6.366320325189216
197846172,19,2.8835758980821424,0.8021978021978022,5.430719098163411
197806814,26,3.173004914801855,0.9020979020979021,5.310435320663104
197887644,7,3.368537632254192,0.43456543456543456,4.912290539900886
197807302,27,3.730116758522618,0.8311688311688312,5.767678211914516
197904448,13,2.626541801394809,0.7342657342657343,10.020696090501012
197808393,2,2.453640377232083,0.055944055944055944,5.807162483168203
197845043,27,3.3316312746810506,0.16883116883116883,5.996316082670024
197954314,6,2.9400674094027184,0.12987012987012986,4.6878235601896625
197935605,17,3.297995289217852,0.5414585414585414,6.378533064058347
197950300,11,4.67267471572664,0.13186813186813187,6.420624597730358
197885600,24,3.3275370841643657,0.4515484515484515,5.191963720084582
197955324,12,5.5221799006933505,0.6263736263736264,3.908544502947268
197880776,23,3.1649691160991584,0.6713286713286714,5.402895449323371
197886895,27,5.448961275343635,0.8721278721278721,5.832462146700618
197978738,6,2.8182691838877747,0.6103896103896104,5.796571616417752
197961755,13,2.892138955705445,0.000999000999000999,7.5071441021954515
198005341,5,4.271247160117438,0.2857142857142857,4.226006520134128
197982694,16,3.8594986534567948,0.8901098901098901,4.896254932740942
197983102,10,4.8096067604083945,0.14885114885114886,6.839323276480255
197985569,11,2.8940744143994066,0.2907092907092907,5.085697268626552
197979354,20,3.8961358233009853,0.5834165834165834,4.7963611463610185
198074705,11,3.0139951216308845,0.5844155844155844,4.726928950750995
198077554,7,3.7655916594894876,0.24275724275724275,5.073259186638725
198078007,8,2.4276999513577464,0.7932067932067932,8.61597016069808
197890692,14,3.4590388733220405,0.03196803196803197,12.020162272943583
198081001,9,2.873638156761458,0.1928071928071928,3.8294720514263902
200668936,0,,,5.367553469931361
200745217,4,2.5781568682764067,0.1088911088911089,5.557603286112226
200746541,11,3.228118595088927,0.26873126873126874,5.973229896268067
200671041,6,5.255501282053248,0.1038961038961039,7.4838179633396456
200657905,16,2.8609055515784525,0.21078921078921078,11.336329806953373
200780252,12,4.097711319981484,0.4885114885114885,4.871374428875045
200786539,7,4.154478649896558,0.21078921078921078,5.283336383673356
200804116,12,3.198484024737311,0.5694305694305695,5.1731035104919165
200807744,6,2.7294408770184715,0.3206793206793207,8.377166418403673
200852526,2,4.2467716765986525,1.0,5.012732646883154
200852735,1,2.5487166960711067,,6.364801748311308
201753334,5,3.2812351181576807,0.15784215784215785,4.514344166395554
204588986,13,3.222742335432969,0.4515484515484515,6.1824043525602805
199729914,26,3.341035556734036,0.3086913086913087,5.383758965606373
199735746,24,4.047232971847163,0.5034965034965035,5.758939677326662
206385283,8,3.6521268452444415,0.8131868131868132,3.7221305248103858
206401237,7,3.566424679962678,0.15184815184815184,4.9492007433069665
200742257,12,3.4249018957047777,0.41358641358641357,8.358310256138028
206402603,12,3.2355005515985846,0.7632367632367633,4.7264280610139995
206402318,10,3.224500119119177,0.16883116883116883,6.094791324262082
206403004,0,,,5.056241720384718
201753500,0,,,6.7271010062046175
206434088,10,5.163246723492026,0.14185814185814186,4.870158987361519
206435948,12,2.4281044868321184,0.8421578421578422,5.162801837373235
206467068,13,5.290056514292137,0.2177822177822178,5.872652226113004
206475215,11,3.294927417183377,0.8881118881118881,6.076491913346399
206477756,11,3.450445579993657,0.44255744255744256,4.817026858282455
206492386,5,2.7110919390619217,0.12987012987012986,4.974451345012547
201753030,26,2.857692283552935,0.7552447552447552,6.009310704599227
201365022,31,3.3626848993417897,0.4675324675324675,6.558712560234439
206609649,10,2.8762725786961294,0.4435564435564436,4.266935307905501
207088262,7,5.509496718517821,0.003996003996003996,5.039520380130214
206350311,22,4.476561898482406,0.6383616383616384,6.0608166225726094
207090424,21,3.3248015325875384,0.8881118881118881,5.488620544229234
207174980,9,3.3292087046929644,0.12887112887112886,5.558171455363672
207238086,8,2.109546139799854,0.45554445554445555,9.832041236571687
206615548,18,6.704441674433476,0.7862137862137862,10.55204321929417
206529534,30,3.217521276639769,0.7442557442557443,6.259337038854699
20924063,0,,,5.875404594762106
20923934,10,3.7915920153605325,0.28771228771228774,4.880522049808293
207240752,16,3.2673457103637675,0.14085914085914086,5.13801613625551
206532826,32,3.7159494354142364,0.5724275724275725,5.5044751079782825
206564625,20,3.634837195062545,0.22277722277722278,6.502921606439377
212381172,10,3.1126084632486233,0.35764235764235763,9.054791422999214
212377300,9,2.9580450360958617,0.36663336663336665,10.095962019903594
207174734,21,3.3748061830670277,0.11788211788211789,6.941037410577347
211440800,18,3.5005918711498403,0.6543456543456544,5.5378514915961325
218967667,13,2.9052172477974936,0.5444555444555444,6.214122999229691
218968119,15,2.99247367194066,0.3336663336663337,6.163730048474087
218969746,18,3.3700433015890905,0.8991008991008991,4.965729324589797
207177270,27,3.7300279750342393,0.7832167832167832,5.855944576769225
218970269,10,2.8321742884876704,0.14785214785214784,4.865423093701927
218972061,12,2.8449461236515705,0.35064935064935066,4.1552354589485425
219215835,6,3.9629645269254063,0.06393606393606394,4.919001886442851
218973038,17,4.096844658492564,0.03196803196803197,4.996368418900533
219217331,2,2.9661540984917014,1.0,8.13329013431229
219218631,8,3.1664172786153575,0.3196803196803197,5.8732384894767415
219221780,13,3.3207806612550725,0.7902097902097902,4.330782550430773
219121412,17,3.3807502009505184,0.23876123876123875,6.653633698743206
219233386,9,3.065972045844062,0.42657342657342656,5.428008626152227
219234951,9,2.9517698489197297,0.45454545454545453,4.726853667552542
219235147,2,2.2527667211805373,0.12087912087912088,5.330266578130803
219236564,7,2.7964162860558983,0.08491508491508491,5.3371431031853165
219240217,8,2.744539564394474,0.36063936063936064,4.295564311516636
219251169,7,2.9703457111006917,0.12687312687312688,4.586625062714962
219246146,9,3.1660271584020094,0.33166833166833165,4.645256987686406
219317391,9,4.320147011164984,0.2757242757242757,4.654126062053685
219334470,16,2.7599889786650458,0.8451548451548452,8.713394322231409
219318151,17,3.7147351891730054,0.6133866133866134,5.545055462983586
220390069,6,2.918699320134451,0.011988011988011988,4.860418758991155
220393352,7,3.162968634043665,0.5794205794205795,5.0214773113292415
220393406,12,2.700262516738722,0.6143856143856143,4.052861043092431
220394878,8,2.8059359228771275,0.3926073926073926,4.658601911985335
220397638,13,3.22778823640809,0.45354645354645357,5.724135988327594
220389925,26,4.216790181331368,0.7102897102897103,6.761400348767272
220391375,25,3.9055495159667313,0.5624375624375625,7.135146783133477
219334689,21,6.06395177224111,0.4075924075924076,6.099777893846804
219334997,28,3.820820558852873,0.4205794205794206,7.374431528698841
220399756,6,2.7287130388883627,0.34765234765234765,3.5152943228872
220391299,11,4.014591145744311,0.20279720279720279,6.248850996145526
220407213,8,2.9118442867056524,0.6513486513486514,5.088041015747272
220409421,9,3.310925478786284,0.14485514485514486,6.5145736695519085
219337000,4,3.8091046330984564,0.08691308691308691,6.710780420279979
220430530,6,2.6011650915936757,0.5974025974025974,5.78891797376607
219342752,34,4.184703758949854,0.985014985014985,6.362358852115183
220430697,5,4.102298031770242,0.5294705294705294,9.73586757750633
220455309,3,3.0515236932530936,0.17182817182817184,4.393057464831902
220459040,10,3.598706689332309,0.8561438561438561,3.7677588395853054
220407530,18,3.3033109137560936,0.8011988011988012,0.0
220413881,21,3.1185521485614522,0.11288711288711288,6.41621685994869
220407099,9,4.983980950651792,0.3086913086913087,4.117605802036608
220482148,4,2.6384611042129436,0.1848151848151848,6.033546696627116
220436741,19,3.168391261282746,0.1888111888111888,8.715791859102604
220485705,12,3.230540707848648,0.059940059940059943,6.129387760475815
220491450,8,3.4137453159241073,0.4255744255744256,6.72393379132117
220511824,4,2.544093020015662,0.18281718281718282,6.233930225805086
220595865,10,3.48292773390951,0.1068931068931069,4.953496816022228
224284606,10,2.8985621656962786,0.6043956043956044,5.0592078723742775
224281107,18,3.867744233894472,0.4095904095904096,4.744354203148744
224278972,16,3.4866424372604397,0.7662337662337663,5.547838185826084
228382006,9,2.7420320613676226,0.26873126873126874,8.180175116406325
224283342,27,7.525394238777657,0.000999000999000999,16.484603280409914
228507309,0,,,10.635297825934565
228507387,15,3.4340259509695423,0.46653346653346656,5.2696901112568675
228383297,15,3.5425303964187993,0.7322677322677322,5.4370868776457035
228569826,9,3.2784540395538686,0.061938061938061936,4.522330704156
228613048,0,,,4.398336280235135
229012749,17,3.711951041561639,0.6703296703296703,4.444136254909566
229053359,0,,,5.707035538898989
220431435,43,3.974772365782135,0.7262737262737263,8.193229701500451
229051080,9,6.291188005402631,0.22777222777222778,5.504343414007599
229112415,13,3.9614871504657843,0.47652347652347654,5.901135147630584
231009108,7,2.760332892600663,0.26673326673326675,4.142892093071879
220405171,45,4.2208782383234995,0.5754245754245755,5.967595707124303
230983203,14,3.627563906869403,0.17582417582417584,5.7588458038522035
220421994,33,3.8117139379148646,0.09290709290709291,5.908139129797751
229100316,20,5.468104100370302,0.04395604395604396,6.203343309993177
231044412,21,3.1545697652842892,0.15384615384615385,6.668193767253791
231023707,34,4.6537803052221465,0.9820179820179821,6.738201562457602
231020078,32,3.8487890518446193,0.5714285714285714,18.24708255209039
231045282,24,3.923520674422998,0.44155844155844154,6.9129471073960245
231046372,26,3.4200556311672248,0.7282717282717283,6.630463755612682
231268284,8,2.891680705324696,0.23476523476523475,5.165623178432972
231627272,6,2.7136501012830663,0.34965034965034963,5.226997932127307
231048679,21,3.934384864455005,0.5264735264735265,5.607250247979986
231057252,24,2.8133069093828,0.5224775224775224,17.73267755142783
231627290,13,3.013523659671252,0.16083916083916083,4.504539104764413
231636691,7,3.1683025289452127,0.13186813186813187,5.172427227641346
231630959,5,2.6765330350906593,0.2967032967032967,4.131575029167468
231668630,11,3.3097156301862443,0.23076923076923078,5.968674496563456
231701201,6,3.5139434599119137,0.13186813186813187,6.928020264190864
231704059,13,3.2915463350235115,0.24275724275724275,10.859957190448197
231059941,8,2.8341631219640595,0.08591408591408592,6.21194089733195
231704229,8,4.39076608773874,0.5094905094905094,4.9604442113823355
231708319,0,,,9.236393120334089
231715395,8,10.431070430205772,0.14785214785214784,6.4347117295414
231061733,16,3.2066522011366616,0.000999000999000999,17.188482577381055
231825380,27,3.8540687402609834,0.9440559440559441,5.179271673569095
231831114,33,3.0004222675320973,0.35064935064935066,5.928413641952418
231831315,36,4.136135519304603,0.6723276723276723,5.610957857040046
231832497,16,4.729769693051,0.5754245754245755,6.153785526337007
231839537,13,3.0599723141861284,0.5454545454545454,6.158566745671052
231840159,5,2.73971969723769,0.3706293706293706,5.886367688779506
231840839,18,3.4080250120206,0.35664335664335667,7.7282257545339865
231862051,13,2.941349974234495,0.2057942057942058,6.604220383901386
231833204,56,4.150982436424316,0.99000999000999,18.692868415513743
231853796,31,3.581641081953851,0.6743256743256744,5.225750378301785
231845790,31,6.466099496763487,0.060939060939060936,7.188911452385713
237340658,3,3.3674395626008278,0.4155844155844156,4.902406574907334
234525922,12,3.1450839996138424,0.34965034965034963,4.857717461771056
231867105,28,4.450699545155694,0.3866133866133866,6.146051080900232
231912935,31,5.162455913639346,0.7282717282717283,10.896219491835208
237356492,5,4.888419001838497,0.5504495504495505,6.209001604316455
237358181,12,3.8525512589093034,0.7042957042957043,4.845085456962731
234497476,11,2.6600304561067576,0.008991008991008992,9.616822141067216
237886259,13,3.196926024107647,0.4115884115884116,5.201297647607076
234504902,33,3.7020242681354305,0.7952047952047953,5.955546649078414
240849795,14,3.132142494161623,0.11188811188811189,5.130087500048675
241393007,15,3.265540322687775,0.8491508491508492,4.8234421958016735
233961272,17,2.8034219225523027,0.17482517482517482,7.231491422403304
241393039,26,4.350018292629382,0.3276723276723277,11.910288158957657
241444142,8,3.5850584762455244,0.6333666333666333,5.766492841839789
241577342,2,2.703305089140157,0.5644355644355644,5.064122360158504
241765380,11,7.203898412444621,0.7022977022977023,6.538883041108077
24186466,11,3.5268742184582664,0.5364635364635365,4.444785399347632
237879824,25,3.7567568793849357,0.23576423576423577,5.4439863606951615
24225968,10,4.395132040108103,0.24775224775224775,4.50557121483247
237883766,15,3.3709859720256428,0.5054945054945055,6.521951737219409
24251461,12,2.944998639619188,0.37462537462537465,4.802710335254612
233959314,45,6.3130202950754,0.8351648351648352,5.569623379568054
24251953,9,3.246807432672419,0.41858141858141856,5.523318461548856
24269255,8,5.090361591159803,0.3906093906093906,5.518765038287985
24270027,12,3.258154537216232,0.23876123876123875,6.58365006373628
237886434,12,3.8077412519119864,0.3156843156843157,7.846035005758285
237906842,29,4.001735298286016,0.6343656343656343,6.682429670136639
246822906,15,3.39860112410207,0.1838161838161838,5.331150712435516
246820769,18,3.3027258309833916,0.7112887112887113,7.004392608213988
246848176,3,2.613871453461092,0.44755244755244755,4.608947096594614
246851853,18,3.0657852321021535,0.22877122877122877,4.66544645105137
246854655,13,3.2149025756561316,0.11688311688311688,5.557441165167275
246848355,5,5.5766993554270305,0.22677322677322678,13.68557096663959
248380067,9,2.837538286864886,0.8471528471528471,4.523074130683048
248392812,10,3.3879406842906876,0.3046953046953047,4.145803417555471
246861224,3,2.89956215593675,0.056943056943056944,11.15771422984929
248945424,11,3.8577166492731916,0.4755244755244755,6.199229842923819
246883482,14,3.251112669957826,0.3006993006993007,6.5097385023294105
246862438,10,5.023559333823272,0.1848151848151848,5.242691617441412
246862277,16,5.685656013777816,0.4935064935064935,6.836423000430918
248946014,9,4.8207854625281215,0.5004995004995005,4.842723728652564
248947399,5,3.5172377637143657,0.5564435564435565,3.814444967735058
248949078,13,3.782586248045315,0.4275724275724276,6.188935834071899
248952560,3,2.29571684126431,0.5514485514485514,6.836190882559263
248952191,8,3.3406786994193274,0.7192807192807192,4.454423779624116
248949857,14,5.45956431264381,0.949050949050949,4.594263713731989
248953025,10,3.181519907867171,0.6903096903096904,5.733807400579663
248955543,7,4.672398142505293,0.01998001998001998,4.745226064296146
248956869,7,3.0457068825221567,0.5044955044955045,6.035153352954996
248959076,7,10.464094102766357,0.4745254745254745,3.6089096894643102
248987739,12,3.0619686249071774,0.23776223776223776,4.151053146416859
248962024,9,3.1024635566464847,0.5104895104895105,5.216936567226148
248962582,10,3.438245767946463,0.33766233766233766,4.320212100642749
248986951,5,2.802700835830837,0.37362637362637363,6.4161945767199065
251821926,8,3.79044636766547,0.25774225774225773,5.662556998207557
251845125,16,4.375891694753235,0.16883116883116883,5.079829187620325
251828912,8,3.4487923864086305,0.23676323676323677,5.8027711723809405
251828729,6,3.147802874124172,0.44655344655344653,7.050140148906861
251840720,18,3.5282723787203447,0.43156843156843155,5.8997950936198675
251848060,8,2.5168616792170657,0.6683316683316683,3.8543250314331163
251844875,18,3.4547645875166015,0.08691308691308691,6.305640107501971
24696180,32,3.786422300611088,0.4125874125874126,5.35326572995163
251884959,7,3.5481104559696344,0.15284715284715283,5.915255369365015
251885366,6,2.8359360824859343,0.22477522477522477,5.199780443053053
251885542,13,2.7998069607823957,0.2937062937062937,4.509183112829295
251886984,11,3.412212816705258,0.2037962037962038,5.359898917161044
251886567,14,3.305329337326213,0.4045954045954046,4.756080385668414
251887089,16,3.6384150922852116,0.7082917082917083,6.683602343237869
254302983,16,3.8179784925166826,0.3596403596403596,4.947144589295395
259389138,12,3.63492110076569,0.926073926073926,5.194602052703795
259408567,5,4.392985576184489,0.15884115884115885,4.857705975894393
254304085,16,3.2723122460220724,0.21978021978021978,4.401411113291358
259592530,1,2.2091875476662977,,6.507883049572566
259472825,10,2.7573962074850455,0.43156843156843155,4.309572264486891
259472888,10,3.887854627631375,0.15084915084915085,4.262854518520499
259477227,10,2.8662668707002115,0.42857142857142855,4.106152632865462
260507598,20,4.428356766610867,0.10589410589410589,8.845456429164255
260356438,5,3.208982988946995,0.42857142857142855,9.190146649223774
260476107,35,4.949937235993316,0.8361638361638362,9.258338121948608
260266449,30,5.218142943913564,0.5174825174825175,11.234955738475772
260604509,7,2.5642210511073897,0.4955044955044955,4.854917659176037
260542381,21,3.9174674118390267,0.05194805194805195,5.162947461809032
260604507,15,3.396637030887457,0.8541458541458542,6.204032793881386
260420823,39,4.267820470546797,0.05194805194805195,5.167915065304812
260750374,12,4.228163376723921,0.5094905094905094,4.806311150383379
260854590,14,4.283065866581732,0.7342657342657343,5.664618498462264
262810040,8,4.111927171914377,0.3306693306693307,6.082945384996652
261543672,15,3.634339121941886,0.6553446553446554,6.7566494542945446
260476779,37,4.553825054693636,0.4885114885114885,6.175275705722728
261561216,2,2.206842301006178,0.13786213786213786,6.916246287486604
260507876,43,5.936533665003445,0.8961038961038961,5.420055605539352
262824477,12,3.5062873395302483,0.2947052947052947,6.779396664386374
265438551,9,2.70922604761605,0.5274725274725275,8.706766933556397
266680029,1,2.3672716729031804,,8.45264531217261
265468668,20,3.0136532241091705,0.952047952047952,5.920198229902388
266640848,9,3.45750395896539,0.6433566433566433,6.353989384122517
266723295,2,2.735083015142077,1.0,7.3989330161221725
265567103,10,6.021092871629899,0.5844155844155844,6.5264700772468585
266640615,15,3.6093727932470827,0.4325674325674326,5.857787457490606
266735121,21,3.7427962110374233,0.9660339660339661,5.892789843326742
266784171,6,2.866025877315078,0.2057942057942058,4.528951771693195
266785297,0,,,5.853028363200933
266787143,4,2.685208353834323,0.26673326673326675,3.9748020383507057
266787510,11,3.3366977317062423,0.35864135864135865,5.8578702181425
266788321,12,6.011659104649835,0.1878121878121878,3.974200077226248
266905315,16,3.161852375857961,0.8051948051948052,6.026831410824681
266994265,17,3.6601070411569734,0.6673326673326674,5.918328076365755
266994443,9,3.741245228760068,0.6993006993006993,6.0658791026395456
267002000,10,3.849791831654605,0.5214785214785215,5.466229093559034
266966946,16,3.8625139532957498,0.37962037962037964,6.759920478334627
262531321,15,5.4647881189564576,0.5844155844155844,7.629625381394772
267041899,18,8.35996877533441,0.8231768231768232,6.135592277517065
267040956,13,3.2233227590517624,0.27172827172827174,5.63475298339009
267046790,17,3.1376529458129907,0.5814185814185814,6.181845515974573
268751690,9,3.8431456172653515,0.6853146853146853,3.927700122895334
267183401,10,4.729572354839408,0.35364635364635366,7.032184604255986
267090033,6,8.931563938108718,0.4855144855144855,7.924927963457402
267188864,14,3.995726158934392,0.18681318681318682,3.926965621331085
268765642,11,6.619674912800062,0.5974025974025974,4.648384928260451
267324071,6,4.084279199467927,0.6863136863136863,5.935422495244799
267492210,4,2.963696007490214,0.18181818181818182,5.707085172469375
268765670,5,2.4508382371459976,0.25274725274725274,7.545273914843913
267324084,14,3.552617805859674,0.7172827172827173,5.200255005046639
269847768,9,3.6001414223426154,0.5554445554445554,4.401041366506123
268785978,10,4.166918070963134,0.7752247752247752,3.858239048546117
270166054,10,7.211914359507173,0.12887112887112886,4.539228340778292
270286182,13,3.457755371349473,0.6013986013986014,5.57253610087557
270173850,10,3.3159366959445293,0.6493506493506493,5.734462958413102
270249497,12,3.6743177170837678,0.4925074925074925,6.721862784485846
270268773,12,3.2120684325165696,0.7492507492507493,6.671504192449819
270174158,17,3.8392844953969156,0.7392607392607392,7.801576671861486
270260170,19,3.648739878194008,0.8191808191808192,4.854413134655343
270269007,6,2.921072113400095,0.2807192807192807,6.425921009710933
270302483,11,3.5295548497006153,0.5484515484515484,4.581779600371141
270303376,5,2.927839807084004,0.11588411588411589,6.093553655992419
270337261,11,3.4830523285072745,0.04595404595404595,5.814241294041422
270480629,11,3.818388310271342,0.0979020979020979,6.414198911334527
270621612,8,3.5111134131570223,0.2137862137862138,6.395055226394272
270481071,15,3.1640881660434577,0.45754245754245754,7.054350523506372
270622780,12,3.030520220312323,0.5084915084915085,5.998941185592535
270653912,14,2.9344978829442616,0.7442557442557443,4.916309387890768
273555466,16,3.2255366459057764,0.4725274725274725,6.8437576621775404
273569625,19,3.1440839515241796,0.6273726273726273,5.092120707731725
273734245,10,2.4858634386858904,0.33766233766233766,5.444419428212851
273652136,9,4.065762373694484,0.07692307692307693,5.39237554409966
273699230,5,6.971240937720882,0.4195804195804196,4.563381720470311
277891996,12,3.7495397240410138,0.4925074925074925,6.343188689648822
273792114,18,3.5977783025584573,0.5414585414585414,5.00472996453921
277892453,3,2.672326727933746,0.08091908091908091,5.737190903121125
277911424,17,2.9612978551000553,0.9240759240759241,6.263233405577998
277911656,14,2.8210487527568344,0.2907092907092907,5.684872196795947
277912869,9,2.91895198999745,0.4355644355644356,7.60726098912913
277940529,20,2.96064276791244,0.9560439560439561,6.073805160966452
278990983,20,3.4731441296399552,0.6063936063936064,5.382344267302839
278777620,35,5.356626996015591,0.04095904095904096,7.686144403082677
278991349,23,3.0663360920626297,0.18081918081918083,4.424875976339887
278779083,33,4.4676690259139225,0.3306693306693307,5.763937167796144
278991073,37,3.305610177887553,0.34465534465534464,6.959836639522734
279052786,36,4.553751647366365,0.3356643356643357,9.135690561942509
278957617,31,4.019048984346018,0.9040959040959041,7.125068701813238
278991580,8,2.493096662650757,0.10589410589410589,5.515852280207979
279087952,29,4.40940421382629,0.3916083916083916,8.590050578905227
279091054,13,6.448697879581131,0.21178821178821178,9.664772313644217
279091165,1,2.6758334994969997,,7.512078076301561
279054946,22,3.0357043494067035,0.18081918081918083,6.704429250731528
279160404,17,3.4776162981876055,0.5354645354645354,5.104019289604578
279159844,30,4.112363389322094,0.8691308691308691,4.9404707552517735
279055830,9,3.5546671528752642,0.08091908091908091,8.289838530267268
279361762,29,3.1701104073620265,0.19880119880119881,13.095174373595196
279088539,37,6.571379125209635,0.23376623376623376,9.421326464019629
279092536,28,5.555816933548518,0.03396603396603397,8.732850141716407
280789406,11,3.147649074896238,0.26973026973026976,4.768550267531773
279088303,42,5.373534521853003,0.07092907092907093,6.710300859010457
280698967,15,3.2212084486229915,0.2917082917082917,5.986041385583961
280789967,15,3.7779241416381804,0.4035964035964036,4.093405208283332
280794991,7,5.938253599125297,0.7012987012987013,5.42285595556499
281593180,12,3.0134467780304903,0.8981018981018981,6.6398345527647535
279322448,32,3.6485088514510675,0.001998001998001998,7.441189253011049
279318109,34,9.282634758647086,0.6583416583416584,5.185461682187132
281497193,29,3.325660590040754,0.01998001998001998,5.768316941371588
281728940,7,3.2768511325078356,0.5924075924075924,5.588318195940715
281574579,35,3.517310252651803,0.2627372627372627,7.341863251294148
281786416,14,3.085837492277893,0.5684315684315684,5.435355464154712
279362216,7,2.49651160093587,0.02197802197802198,8.417176731144592
281815410,3,3.3178881054353826,0.11988011988011989,5.927587480595188
279362204,7,2.9388304213883143,0.6413586413586414,6.588382116827027
284077350,12,3.7365586631385694,0.6833166833166833,4.1185947576588715
284082067,10,3.195263862160191,0.08791208791208792,5.277883252092136
284083493,8,2.5046704524562484,0.6713286713286714,4.414497885938885
284083051,10,2.958099851074056,0.27372627372627373,5.344608541728489
284121210,9,2.757666793391512,0.4885114885114885,5.722566656512289
284122100,7,3.290769322276827,0.35264735264735264,3.8581206971612496
293217787,8,2.950883553121229,0.3336663336663337,4.41830552676836
281703171,28,3.466062448480388,0.6583416583416584,5.132012040662489
281729296,30,3.3840845221007645,0.9270729270729271,6.447126324617379
290303700,13,4.681985779864944,0.7892107892107892,5.258296924324944
289626783,12,3.6101204630550927,0.18681318681318682,5.5239086972616604
279425657,48,4.073108982250505,0.7832167832167832,6.357186871303962
293508748,10,3.0256842919469125,0.7712287712287712,5.960134662953387
281781343,28,3.4792807859119987,0.3936063936063936,8.34951244995439
293525326,13,3.5679910722002295,0.07692307692307693,5.85905836020441
293526840,17,3.174560277386164,0.5574425574425574,5.174672827295581
299134881,12,2.8635201344749213,0.5834165834165834,5.226391437427015
293571273,16,3.5680319567290875,0.16583416583416583,5.220039355064917
299177892,8,3.0246145782514615,0.16183816183816183,4.762535847768097
299176514,10,3.5830961590879076,0.8721278721278721,5.542691608220319
293618282,17,4.137676669167092,0.8241758241758241,4.889829920460178
300997615,0,,,3.9384133420935425
303953504,14,3.0477739578455108,0.11488511488511488,6.416562222477279
308209064,14,3.16385110588582,0.1878121878121878,4.660929505374505
308209067,17,3.1053956988408826,0.6103896103896104,4.791139463664933
308210106,16,3.287620966764354,0.5414585414585414,5.851444244699613
311864780,6,3.6933075067701187,0.33466533466533466,4.735047075693208
311883977,5,2.5467607380815074,0.5444555444555444,5.023866592338879
293271518,19,4.908622107320092,0.12087912087912088,7.024165283509652
316830011,12,3.367720187358117,0.7022977022977023,5.84061265908521
313934195,8,3.379852185067931,0.3066933066933067,6.810147694678717
316832201,2,2.161541157272605,0.12687312687312688,3.8242322525521786
316831681,9,2.989380712227293,0.19080919080919082,4.494580434754032
316832207,11,3.2603941208370566,0.20279720279720279,7.052803762695604
316854083,0,,,6.276311569285852
316832286,8,11.826173882343099,0.9000999000999002,9.051556072884114
316855037,11,5.018239978422243,0.15484515484515485,7.194377731403844
316881711,20,3.8260610219119924,0.8191808191808192,6.368767250358421
304102181,32,3.075859380264035,0.8981018981018981,18.65355347558666
303981359,26,6.652509269907869,0.14685314685314685,9.328674537866071
299897517,31,3.3371539538209802,0.8821178821178821,6.456475117796796
317088106,11,3.512024359758525,0.057942057942057944,5.7045733731777934
316992294,9,5.028464531686467,0.45354645354645357,6.3656656567758905
317128444,13,3.973491192497321,0.7892107892107892,5.1922305428342215
317097443,18,3.1129401728742176,0.3006993006993007,6.056216035500752
321978744,13,3.227135953380922,0.22877122877122877,4.768740946202343
32198742,11,3.3704744025678535,0.12687312687312688,4.877900466063195
32199330,14,2.9837654032078125,0.34265734265734266,4.1890990151746825
322048480,12,3.1427464878656823,0.48951048951048953,6.7088287950994605
322010023,16,3.4827766250600884,0.5564435564435565,9.371677947197728
32200787,18,5.1379070906303435,0.2547452547452547,4.766306831718498
322050553,10,2.980580341215536,0.22977022977022976,6.868356500129694
322075273,1,2.0525304802832003,,5.246722125249934
326205407,6,3.359415443351764,0.6863136863136863,5.5204030855149595
316968412,13,4.225874274158772,0.21978021978021978,7.881421787253841
322065322,11,3.8190825593667066,0.2787212787212787,5.507059068793334
316934730,29,4.040762143260737,0.7632367632367633,6.528089374819161
326205481,10,6.283578047373368,0.45854145854145856,4.0348095394460355
325338671,13,3.0391063295947687,0.4355644355644356,4.241471349351452
32207625,17,3.946280548750002,0.8051948051948052,5.228402901950569
326210415,8,2.5672209606267185,0.26173826173826176,5.809043334282273
33490526,12,2.528699087022605,0.5354645354645354,5.394658321736996
33443827,11,3.469759828726861,0.7322677322677322,6.059679634689534
327939708,16,3.284791079460858,0.42357642357642356,6.034207450034174
336874964,9,3.486076108967903,0.17182817182817184,4.960128119363986
33490856,12,3.2611353002744194,0.7412587412587412,5.727175843532871
33526048,9,2.7727175525506906,0.24675324675324675,5.119729003253824
327996109,14,2.875162815751836,0.5164835164835165,4.221777673939549
336875204,10,2.8325233275862978,0.47652347652347654,5.6741297212174
336876701,16,2.9950536137781416,0.8331668331668332,5.4544746911073325
344283272,6,3.4293255524511763,0.24575424575424576,6.992683600080092
327996089,25,13.874389182066034,0.000999000999000999,28.09106754273455
344320670,12,3.1408942134653834,0.9100899100899101,5.528212621172099
344368428,11,3.2843598320910314,0.3246753246753247,6.0746655378274
355403599,6,3.292488379558046,0.2837162837162837,4.8512466368827
355426813,12,3.959682677008317,0.8391608391608392,7.051625965993773
355425821,13,3.5673696012667087,0.954045954045954,4.418641043675456
355508749,12,3.0854181571877217,0.07792207792207792,4.81222184929034
35704767,4,2.629073811095543,0.13586413586413587,5.007956822919086
358250131,16,2.890277381567651,0.5744255744255744,5.75934990320144
369219815,9,4.608959444762444,0.22377622377622378,5.208104405131416
369219891,12,2.9791930099174895,0.8031968031968032,4.876543124789911
355480244,20,6.776984201854685,0.33466533466533466,11.329617715533239
369455534,7,2.661718705852421,0.12187812187812187,5.907300964901501
369480832,10,3.3039213712677653,0.44455544455544455,4.753764780469759
369480804,9,3.3606247925201647,0.3436563436563437,5.5216926681084875
369458346,10,3.14423412227936,0.5174825174825175,8.189585477919833
355652342,29,3.2719859248064074,0.43756243756243757,5.1648361523404756
355602286,28,3.924927112086699,0.14385614385614387,5.342637173689278
355767588,22,6.295177883272222,0.6933066933066933,8.019179305101419
370233036,12,3.6948485609471127,0.4775224775224775,5.56429668740868
358512823,25,3.0509083398603534,0.37662337662337664,6.328749471340491
370281600,11,5.370095226184631,0.18281718281718282,5.8025224211478506
372817741,10,3.034910392477976,0.13086913086913088,5.705468341149298
370324073,16,1444.031915915204,0.5584415584415584,10.109080371343522
370325663,8,3.3774125526393277,0.4645354645354645,7.932286575050648
370324466,6,4.088950594443949,0.6353646353646354,6.3556475480269405
355651035,5,2.5334129345292586,0.008991008991008992,18.79903946798147
369603767,27,3.82429100898997,0.5614385614385614,6.491868166588704
37716298,10,3.475070320647134,0.3116883116883117,4.924871421012093
37716639,9,4.349106956439711,0.33766233766233766,5.17473871046868
37745770,8,4.459485473403326,0.47152847152847155,5.254444235330166
37751660,2,2.6619307322916357,0.16183816183816183,4.892128059957709
37762662,10,4.643017325718945,0.44155844155844154,5.095381461517731
37774136,10,3.4348348491342735,0.6083916083916084,5.658247615720576
369964134,15,3.926363842275128,0.3166833166833167,8.532719480467186
380436218,8,3.7173377451273417,0.07392607392607392,5.808229890291122
380436242,0,,,5.966495014192073
372848247,23,5.142380048561872,0.7392607392607392,6.4547782625490475
375089653,25,4.461467494375094,0.8161838161838162,6.06488983416756
380827643,14,2.935957462578288,0.4855144855144855,5.0820700290046155
380858160,13,3.7166771755242065,0.7452547452547452,4.199627742442023
381855507,6,2.453484829948191,0.24275724275724275,6.32969110081751
381858453,9,3.010599188026448,0.48451548451548454,6.072549764984448
382219663,2,2.0167333668888734,0.1048951048951049,5.3472854827774805
382413530,16,6.137068049080729,0.8751248751248751,6.641752072463403
382416191,10,6.577225454093432,0.04395604395604396,6.559934929144111
382416402,15,3.1136523131241254,0.40559440559440557,5.437041885331322
382552251,1,2.321163181908672,,6.057668266841433
382532460,10,2.852117540880739,0.23376623376623376,5.340869364029605
3836364,6,3.1064760832174465,0.08491508491508491,3.9625194580026317
389527466,17,3.999079445721343,0.4905094905094905,8.190754631188275
389087654,18,3.756605111705854,0.35364635364635366,5.413570348319155
389011260,5,8.230477293652324,0.2777222777222777,6.867583915945894
389527948,11,3.3651513211617403,0.6683316683316683,4.765242330191485
389131517,10,4.7527464733457805,0.4435564435564436,5.980098392321069
369706317,46,3.839832601469211,0.7812187812187812,7.899753160562771
3922529,11,3.8428176725543364,0.37362637362637363,4.524375766402371
389751904,9,3.6524296951998187,0.25374625374625376,5.799442191966129
389628260,13,3.4103192433528378,0.18081918081918083,5.916931921844063
389752285,14,2.7339126522695563,0.41358641358641357,4.959417581919813
393490564,15,3.456132299974179,0.23476523476523475,4.950133283793755
372849495,35,4.03690995166459,0.6213786213786214,7.637255744036955
393962765,17,3.2162597926982017,0.24275724275724275,6.717671119921195
393964275,16,3.2461198237447553,0.6293706293706294,6.055549950306081
393964361,10,2.718964584767131,0.3076923076923077,5.344525117529331
394494795,15,6.485442111302086,0.13286713286713286,9.755229745628581
396695653,10,3.2821441522515125,0.7732267732267732,4.387012667095644
3965116,14,3.631872735499819,0.7812187812187812,4.497980603657465
396720311,3,3.5117248268400263,0.21478521478521478,4.639955091980358
375059160,31,3.9648105281372352,0.5054945054945055,8.343067441065084
396721744,10,3.2543304438939917,0.5244755244755245,5.544020580558624
396721668,7,3.0244929842859904,0.2947052947052947,7.4635529286829465
3990356,5,3.5434539176699245,0.5084915084915085,4.620888244950085
3990380,8,2.504019879934312,0.8041958041958042,4.740152625433095
40045054,1,2.11980347363391,,4.178216569448655
40043612,14,5.015000114714689,0.8541458541458542,6.710024342483706
393490406,23,3.304575200640521,0.9150849150849151,6.587030212309465
40059019,4,2.9704888672262997,0.24175824175824176,5.774483805071034
40046362,7,3.358304246034473,0.39760239760239763,3.9745807414346483
40060706,10,3.4739906084631658,0.8041958041958042,4.1829629988234
40083560,10,3.843042866793364,0.5854145854145855,5.341447440200301
389756744,6,2.9064412498248213,0.26173826173826176,7.503337292952984
393491843,18,4.312836240768931,0.09490509490509491,5.785574395869551
40103277,7,4.950382213393446,0.3026973026973027,5.357775598929067
40103287,2,2.160856343213692,0.15884115884115885,5.415919955988561
40182390,11,3.7255865696234447,0.14885114885114886,5.24601231689666
401890220,8,3.9798468234583644,0.07692307692307693,6.028735840744099
401985735,10,4.001984730457067,0.5244755244755245,4.356010692396207
401986029,17,3.0972584946804114,0.7062937062937062,6.751818208027391
402028212,10,2.9253742608289053,0.1838161838161838,6.184031002676906
402041756,13,3.2966148130230826,0.43756243756243757,5.761189252339959
402042483,10,2.714922364181572,0.015984015984015984,4.674507527233505
396721425,22,5.241704129669752,0.5154845154845155,5.990372821875531
402128282,10,3.1425253464530325,0.2827172827172827,5.6013528822316525
402112759,15,3.5784768829322893,0.6453546453546454,4.723752704212548
402103411,15,3.182609302515392,0.13686313686313686,4.967458549515595
402129242,14,3.3607081040260947,0.17882117882117882,5.707887307539091
402130354,13,3.584781411366569,0.5334665334665335,5.336762396862043
404462097,4,2.543821974423926,0.0989010989010989,5.29194294907542
402129745,18,4.563822195348711,0.7032967032967034,7.004755342814296
406351414,8,2.985177469301351,0.13986013986013987,4.682325564883137
406353280,14,3.0344582534992153,0.7062937062937062,4.81196465017711
401838575,4,3.205022728409681,0.39760239760239763,28.032342266261132
406353865,3,2.570782782205691,0.26373626373626374,6.660664274891054
408013652,8,2.6791487436052805,0.4175824175824176,5.9282221556902055
405428615,12,3.834844035326359,0.6793206793206793,6.183087593265508
408016281,9,3.6385593849582025,0.8941058941058941,4.666863604758983
401838756,14,4.461708343191538,0.3196803196803197,7.89058693058289
408037026,10,3.255888040090073,0.6813186813186813,6.859229400995338
408047708,14,4.820024205612567,0.20679320679320679,5.21299926386632
407581546,16,3.9619632860808482,0.7032967032967034,4.527911252094816
408049337,13,3.8311167402674386,0.45454545454545453,5.403820807283398
408067963,10,2.910704853493107,0.7782217782217782,4.470257004375825
408069339,3,3.714267216907783,0.16383616383616384,4.905188873216917
408070719,7,3.087176917472259,0.43156843156843155,5.117957626495541
408083839,9,5.456559358267501,0.33166833166833165,4.2935522885004165
419016040,3,2.6251155476006156,0.1998001998001998,6.033014120537332
410135251,15,3.0158643003613013,0.8011988011988012,5.0342574917005765
410442002,13,4.368739658780757,0.6583416583416584,4.463994212457368
410255881,15,3.249891095083065,0.28771228771228774,6.283661650964777
410253041,10,2.6021359199213023,0.5694305694305695,6.353032348763044
410212351,14,3.2398347796689686,0.6733266733266733,5.416706493829924
423662790,1,2.819170831506451,,4.813180427757905
42074448,17,3.424808178462342,0.07992007992007992,4.404154491374059
421873120,13,4.0654011427598515,0.4165834165834166,5.148529159008264
421937394,6,4.00797060442349,0.40559440559440557,4.766086778128607
41861999,26,3.2254615135169327,0.052947052947052944,5.886850843606126
41898474,5,5.207108584826187,0.012987012987012988,7.665874589810664
43362331,11,3.1945229086040032,0.7762237762237763,4.334018159426097
439455229,8,5.552204967781479,0.1978021978021978,5.096004273619254
425881596,32,3.893197274466021,0.43356643356643354,6.503998499548568
439460890,10,5.050610221395409,0.4905094905094905,4.607311623419509
425884565,30,4.404525388127866,0.3146853146853147,7.03187511872663
439463902,10,3.3319842811776343,0.26973026973026976,3.8692742703256067
425883195,30,3.780989761213339,0.949050949050949,10.084799446790454
439466001,11,3.845766574697143,0.5264735264735265,5.264107397467537
439492792,10,4.4919746730074745,0.5894105894105894,0.0
425938730,28,3.9050607239951267,0.22077922077922077,4.944948376758929
425883009,31,3.5508165303792,0.7552447552447552,5.222568265369727
441491515,4,3.7135089932318963,0.3856143856143856,4.894318862204358
441493794,9,3.0385404633157624,0.7752247752247752,4.224038817231432
441428637,6,5.0483398926083485,0.28771228771228774,6.504623238135472
426012953,34,4.36602207576144,0.971028971028971,6.468794538125772
469933344,12,4.621439789605055,0.5084915084915085,4.642434945901114
44624757,0,,,4.952050102931968
44624744,6,4.102698283817733,0.3726273726273726,6.3574464057403315
469914390,2,2.8932058429846177,0.16483516483516483,5.726020251625486
469933397,14,3.012131289282199,0.44455544455544455,4.570641386276931
469939293,9,8.965967866705647,0.20279720279720279,11.558082299506427
469939625,14,4.973352755119982,0.6993006993006993,4.763739670183276
52016952,13,3.1605436982624813,0.32367632367632365,6.286895795373043
52077955,10,2.711729149994099,0.5814185814185814,5.242866154533451
52257960,10,4.678628548694763,0.2007992007992008,4.962890618392386
52286391,15,3.5737329112103575,0.6383616383616384,5.855116411406439
52314627,8,3.154496424659576,0.25274725274725274,5.968353601143224
52315024,12,3.4392645009777696,0.02097902097902098,5.516531618321386
52365497,14,3.247341768794158,0.6423576423576424,5.304954047246695
52367601,15,4.086130407370693,0.919080919080919,5.7437336587954935
53850732,1,2.636958575970405,,4.137904651652644
53894240,12,9.381421828650954,0.35364635364635366,9.120959053344096
469972461,20,3.0145548163230824,0.5454545454545454,6.892436699637124
55855870,6,2.566585679137984,0.5584415584415584,5.554637126004699
52194213,25,3.40811389958321,0.34765234765234765,6.794731967511869
469966859,30,3.515935821623891,0.21178821178821178,5.928468197527098
53976572,15,2.6652460298484746,0.5984015984015985,5.614096565281483
55856742,14,3.266093545802672,0.965034965034965,5.814282729943539
60369879,13,11.378380649610785,0.24275724275724275,8.750773407193433
60371639,8,3.2547049334895584,0.3246753246753247,5.749052413814988
62221982,15,3.6289048032660425,0.7712287712287712,5.325426235046419
52314170,11,5.119066018253939,0.2137862137862138,6.033087067876756
61981778,13,5.637077621419716,0.5654345654345654,4.8955212388246725
63697276,16,3.8282878664390343,0.5554445554445554,6.622903612171222
62377610,9,6.398331262844232,0.2017982017982018,5.667457815069385
52307802,33,3.1858719899502486,0.36063936063936064,11.685908583889228
63697344,9,3.5336676143310224,0.6273726273726273,5.204196414804892
63697556,16,3.5196419632651086,0.8961038961038961,5.490971608678951
66357973,17,2.8301620872001876,0.6323676323676324,5.341118942271206
66410290,17,2.893229560223303,0.2677322677322677,8.872254990312992
66536204,10,2.6343151779160903,0.5784215784215784,5.3678284889937355
70420258,15,4.392082398457131,0.4645354645354645,4.6698718240417385
70723644,9,30.05091596209782,0.12087912087912088,9.035007508813253
66374862,26,2.575178259495519,0.04195804195804196,4.7362867423063895
66411836,13,3.323985506366408,0.36563436563436563,5.679608295862823
66412048,27,3.5183162864263027,0.7822177822177823,6.347154140087833
70723782,18,2.933368937634562,0.7442557442557443,5.0727458412963795
66399111,17,4.241933917480663,0.24875124875124874,6.899507153381854
70742137,17,3.104480662660286,0.7242757242757243,5.075960039759526
66435575,4,2.7920238462608604,0.25574425574425574,9.822920706364236
67544844,22,3.8375230391209083,0.2677322677322677,5.263534253540746
70744199,5,3.5785369115998202,0.6853146853146853,8.963120604979942
70762901,4,2.6311791294693774,0.5034965034965035,3.9370003730325767
70775391,17,3.4062990839317915,0.8151848151848152,4.681243164616612
70774607,13,2.9530473269509465,0.3926073926073926,5.764472738960209
70763084,3,2.41970474543717,0.2047952047952048,4.714994177940321
70776480,14,3.33982743443908,0.6593406593406593,6.537083923872248
70777408,13,3.3811889780396323,0.4145854145854146,5.837134187254081
70775634,17,3.674552104424395,0.5884115884115884,4.741873637193159
70788069,20,3.266477268272749,0.4245754245754246,5.1622202944237765
70857782,16,3.122169736643681,0.972027972027972,5.0236499098721
70787947,17,3.3808836776819184,0.4035964035964036,5.983265731018719
70785900,8,3.420782524753231,0.015984015984015984,8.720533526145243
70797827,17,3.456004405039895,0.7182817182817183,5.7778425876738355
70858051,14,2.8543327769267615,0.8861138861138861,4.164326599479072
7186216,16,4.592748155669068,0.4595404595404595,4.725237689773548
7143936,3,2.606242192459469,0.13386613386613386,7.025434723923329
75353219,9,2.746117852676518,0.6483516483516484,5.327114366016758
75353949,6,4.771943846173943,0.4115884115884116,8.87699199983925
75373928,10,3.534630911949785,0.21678321678321677,5.762385346439394
75377810,3,2.2351758328608162,0.3836163836163836,6.153653882705989
7186505,13,3.01585342297123,0.4485514485514486,6.170850927426985
76987466,10,4.132504429557521,0.16883116883116883,5.272774651536002
77005811,9,2.7788016999061793,0.34865134865134867,4.724447958370536
79172136,14,3.892009751885492,0.9020979020979021,5.025874508377629
79282952,14,2.8388577583250973,0.8061938061938062,7.032096301389747
79325634,5,4.289684769294692,0.4855144855144855,7.287385556491986
79354962,6,3.369594816084043,0.22577422577422576,4.237223506400055
79395764,14,2.9088785630384035,0.5074925074925075,5.364340705792746
79569274,14,3.257775229690542,0.9400599400599401,5.145115984748013
79398126,7,4.039278325007222,0.3966033966033966,12.300423203205078
79405368,15,3.2359978491004306,0.3596403596403596,6.080343624691898
79405578,4,2.752977041329264,0.3016983016983017,8.568307151973722
80080784,5,2.2444000819070498,0.5974025974025974,6.388715114127405
80340568,14,2.823875116462635,0.34965034965034963,6.351518374691001
80260513,6,3.1189484995358714,0.2967032967032967,5.905582784164593
80314959,14,3.169128810812446,0.5144855144855145,5.789504118487002
80342205,15,2.9026978628257805,0.4875124875124875,4.41902503830836
80363380,0,,,4.606014695159307
80427253,14,3.1959207927564526,0.6803196803196803,5.41693359164553
80427634,19,2.9184285901682308,0.21078921078921078,5.002875041023414
80430430,15,4.454851879622715,0.4965034965034965,4.366340050170015
80427599,14,2.986851333056732,0.42357642357642356,5.533487479353985
80427281,7,3.798177261867844,0.002997002997002997,7.80885554937714
80430264,16,3.3799165483649234,0.3226773226773227,5.810117253692903
80438267,14,3.2119059083217976,0.6553446553446554,4.977472487672571
80509361,20,4.483003163806313,0.2977022977022977,6.869744325657641
80510666,18,3.8849872373424965,0.2007992007992008,4.970645207636346
8196402,15,3.365169987663333,0.006993006993006993,5.667147911542762
89018360,14,3.084574665742309,0.03496503496503497,5.147245711149862
89002990,10,4.377428782060397,0.7202797202797203,6.786801016932348
92131593,10,3.2972816744829556,0.3956043956043956,5.28710609446608
89021585,22,3.5023092620961966,0.3126873126873127,4.619150901969887
92228046,12,3.3798783961798344,0.6803196803196803,8.930770571176012
92258567,15,3.7051843712224857,0.6793206793206793,4.613729659242396
92595555,0,,,9.11820577124247
92364700,12,20.078736661629286,0.4005994005994006,5.642373575595078
92364863,10,6.978320092910975,0.8181818181818182,6.4966711311702445
92442172,13,6.348915846954181,0.7932067932067932,6.774819711674765
92452841,13,39.60910194038595,0.4405594405594406,5.9762718508119645
92706840,7,13.72627972749,0.1938061938061938,4.529265756794735
92497469,9,22.57786164537561,0.07892107892107893,4.582438112516308
92994093,11,2.790454220141472,0.7832167832167832,5.274955595949083
92995003,5,2.9790112654143917,0.18081918081918083,5.538714836150125
92731064,14,13.64673996374909,0.2007992007992008,4.515908348738303
97469879,8,3.3301399839945467,0.16083916083916083,5.671730668827502
92734713,17,3.2896848199664404,0.8741258741258742,10.84803032212428
97475019,12,3.4843178860839394,0.7852147852147852,4.430744461840303
98609758,8,3.2638707100415654,0.15384615384615385,4.772802644388906
9699512,13,3.8512601416192247,0.15184815184815184,5.4652993408003425
97410755,10,4.4297484395522915,0.3146853146853147,5.413674951857231
98659013,16,3.358227024926417,0.97002997002997,4.569795091904553
98666609,15,3.1229801457696427,0.6343656343656343,5.6093470446843
98665166,9,2.7825474057921555,0.15884115884115885,4.913809114209816
98672854,6,2.7292279130894483,0.18981018981018982,4.168602980276875
98666650,12,3.060943500199018,0.5484515484515484,5.714521864549139
9788918,17,2.8601459291881373,0.5404595404595405,5.287748433417998
98672920,12,3.263594692934576,0.6553446553446554,6.867109364994639
98678529,9,2.8145920174396046,0.45554445554445555,4.996879829142148
