tic,k,obs_R,obs_nfreq,ge_own,ge_fixed,gate_own,gate_fixed
101017638,12,0.6768773030413139,92,164,165,False,False
101058021,8,0.6768521818429789,87,650,651,False,False
101070347,14,0.49147217502301066,86,832,830,False,False
101099031,4,0.9195059550318219,33,304,273,False,False
101100320,7,0.8846101375696442,84,99,102,False,False
101101390,14,0.51711158540584,87,771,767,False,False
101126095,10,0.6598549315757009,87,589,600,False,False
101139085,9,0.7865168076990889,66,162,146,False,False
100975203,9,0.6909096156124621,94,293,304,False,False
100990409,5,0.7709909296251236,63,348,334,False,False
101014057,12,0.5669634270133618,90,715,723,False,False
101017159,12,0.5127945671787718,83,756,760,False,False
101930558,16,0.44173840260103725,109,859,848,False,False
101932572,15,0.5256082442439971,127,399,401,False,False
101932654,19,0.42998870355827057,128,750,753,False,False
101933280,10,0.6880078489006378,125,618,623,False,False
101944261,11,0.6283358178997818,126,497,494,False,False
101948395,12,0.5290375674145482,106,730,716,False,False
101948780,15,0.47428076648896034,138,662,671,False,False
101949364,19,0.4669908820500219,136,732,737,False,False
10802452,2,1.0,18,155,0,False,True
10819194,7,0.6917943116576595,73,554,540,False,False
10838083,9,0.615854219146979,96,664,677,False,False
100107681,34,0.43799633232752244,281,168,167,False,False
100123131,33,0.32861094149241254,272,978,979,False,False
100123854,8,0.6283351900569243,82,630,619,False,False
100921427,13,0.6571441742328262,90,313,316,False,False
111244232,11,0.45777082242436307,86,923,920,False,False
111245072,13,0.6101443441167952,96,315,320,False,False
111267568,3,0.9918190008946336,45,147,151,False,False
111269697,6,0.7873601322880631,95,400,422,False,False
101949836,11,0.712449602888999,141,121,129,False,False
101963736,12,0.5955594814600425,125,197,190,False,False
101992165,17,0.560326256177954,135,243,231,False,False
102029678,18,0.38185391770943,135,979,980,False,False
100029948,28,0.9967491873524947,286,0,0,True,True
100067280,27,0.47055397624307005,272,228,219,False,False
100100827,48,0.7256244393179795,286,0,0,True,True
100100829,35,0.5497291993457553,227,6,3,True,True
100101948,34,0.42421207823608365,281,380,397,False,False
100102303,32,0.33157192771227306,282,970,970,False,False
100103683,26,0.3678020154460627,277,913,905,False,False
100106368,28,0.4572651982692244,285,353,355,False,False
114750450,18,0.4613660800400683,125,758,751,False,False
114750474,11,0.8625154679670021,123,61,60,False,False
114818487,4,0.9289298891713825,61,324,301,False,False
114818789,10,0.6396427818566596,97,384,369,False,False
114858562,11,0.5477234251666663,128,779,770,False,False
114859570,17,0.4622799432544735,140,621,620,False,False
114918596,13,0.5238735350425704,125,691,698,False,False
114948814,17,0.4608785735143901,137,811,816,False,False
114949823,11,0.5957877161914465,136,527,533,False,False
114950121,3,0.3437500067933488,2,674,525,False,False
114952667,3,0.999980840703553,98,61,14,False,False
114953091,11,0.6991246816777953,131,85,85,False,False
114990385,10,0.8118539653711918,139,77,81,False,False
115012786,13,0.6863724865051872,137,56,59,False,False
115043101,11,0.7030843944232775,112,192,201,False,False
102049230,14,0.6158303927029969,113,275,272,False,False
102063797,29,0.3695755133834646,280,866,866,False,False
102070608,28,0.4356130936773147,259,389,387,False,False
102086414,25,0.38631092739577344,268,876,879,False,False
115114717,9,0.66407417498201,91,465,440,False,False
115115136,12,0.8756999601419702,137,6,5,True,True
115150962,13,0.5813163947337865,133,703,709,False,False
11518255,8,0.8027799326018998,66,353,335,False,False
115273603,14,0.5054160822368086,91,724,723,False,False
115273621,6,0.761322069747814,74,470,460,False,False
115276107,4,0.8920052153193495,53,88,76,False,False
115276582,12,0.5735329554259048,84,618,599,False,False
11528214,10,0.6974918329655724,90,69,66,False,False
115284339,10,0.6035484527149227,71,618,587,False,False
115320495,10,0.7296390598372993,90,167,177,False,False
115321756,8,0.7262403430933276,78,495,485,False,False
115350058,12,0.564605041818642,93,680,684,False,False
11545988,11,0.5113916307990486,87,788,783,False,False
11557550,13,0.45710997334370806,96,829,830,False,False
115692561,11,0.6317339595238686,129,212,214,False,False
11645778,10,0.5839325018851644,93,585,583,False,False
11646650,9,0.744258041363141,81,191,182,False,False
11649564,8,0.7118767020357087,96,442,452,False,False
11649619,14,0.607622931991591,92,345,348,False,False
115693639,13,0.5633781092208218,136,578,582,False,False
11615061,12,0.6036077135583271,95,281,300,False,False
11637281,11,0.5963465297832161,92,389,385,False,False
116417661,22,0.9240550988711803,138,0,0,True,True
11649757,3,0.999867834783756,40,5,2,True,True
11651884,12,0.5855025698718623,91,576,577,False,False
11652908,14,0.4332088365148127,85,857,856,False,False
117549467,3,0.9811060585453079,32,212,179,False,False
121423680,15,0.4780802045532557,131,767,764,False,False
122522271,13,0.5951660446359336,97,356,374,False,False
12377867,12,0.828300514725702,133,8,9,True,True
117643471,13,0.5612661985659841,126,477,483,False,False
117875969,11,0.5862868807758391,136,572,569,False,False
118327550,22,0.39266529039033615,139,942,940,False,False
118826478,16,0.5544299396026167,115,369,364,False,False
120461410,15,0.49591042351472536,130,651,655,False,False
120488121,16,0.46841013978962875,134,538,532,False,False
120505367,4,0.8915977519597341,69,541,507,False,False
120565939,17,0.54034201599919,143,215,221,False,False
120414503,13,0.7103133341767485,128,199,208,False,False
120414543,15,0.4784247620389762,124,733,720,False,False
120430207,22,0.4312048589346047,141,797,804,False,False
120461208,17,0.4778715869299437,136,744,741,False,False
120584779,20,0.3926912268113085,131,917,924,False,False
120608824,13,0.6867681580213372,110,129,120,False,False
120610833,19,0.5201233067723521,133,284,283,False,False
121420805,15,0.9455242274644925,129,0,0,True,True
12393723,17,0.9342107924229334,139,1,1,True,True
12393811,2,1.0,15,126,0,False,True
12393831,14,0.6247964987334544,130,78,84,False,False
12418307,13,0.635023670185337,134,216,224,False,False
12434574,8,0.9400280221566042,117,38,44,False,False
12470520,19,0.4664464051273095,140,704,711,False,False
12509612,14,0.5950601172136594,124,327,334,False,False
12773534,10,0.6224832206907186,131,188,184,False,False
12784674,7,0.7101950417642223,124,478,482,False,False
12787544,11,0.7033571095353616,137,141,141,False,False
12862099,11,0.7499179415236178,92,27,26,False,False
13099134,15,0.5130020132323667,140,431,440,False,False
136842674,11,0.5417989180712898,89,797,797,False,False
136845966,11,0.716469127105738,95,122,125,False,False
138711927,16,0.5123410645017114,132,671,670,False,False
139122986,12,0.6202011543950147,129,278,271,False,False
139453344,13,0.49691021189426865,107,464,426,False,False
139700604,3,0.9490062028376541,89,277,306,False,False
139700906,16,0.6334614654668196,143,24,25,False,False
139763851,9,0.7931528927763347,136,166,173,False,False
139825582,7,0.6477336638708243,71,641,561,False,False
139844443,16,0.538715818759225,140,434,435,False,False
139987152,13,0.5396209053623963,122,411,403,False,False
140494505,7,0.8763892338740799,75,57,58,False,False
143923307,13,0.5883700973817558,142,298,301,False,False
143923380,15,0.5989503296710036,144,204,201,False,False
143952604,3,0.999980977896528,63,79,20,False,False
144000467,8,0.8711997062837932,133,35,41,False,False
144065872,17,0.7950585995134657,126,0,0,True,True
144068927,12,0.6263604808419855,123,541,526,False,False
144102161,14,0.48638552121144607,99,677,684,False,False
144102233,11,0.5747854096038958,95,547,541,False,False
144103775,4,0.7353005420811479,13,748,419,False,False
144284767,9,0.6873374699234333,128,398,404,False,False
144308900,19,0.4800034726078082,135,501,510,False,False
144313331,8,0.581087902336073,129,819,828,False,False
144331448,11,0.7029165985671969,134,209,221,False,False
144331556,5,0.9502822317025443,110,128,149,False,False
144335923,12,0.5704331362689568,111,536,522,False,False
144378625,14,0.5559619785919002,133,585,583,False,False
144385668,10,0.5848497444885891,114,657,659,False,False
144386555,15,0.5010172027408898,141,737,739,False,False
144387241,16,0.466031268994205,132,614,612,False,False
144387364,12,0.6209037953328022,106,413,392,False,False
144403828,14,0.5171498231700155,122,630,626,False,False
144406842,11,0.6796040491202032,124,163,162,False,False
144432683,15,0.5297022178250888,141,373,388,False,False
144434171,17,0.46392464279609524,140,649,661,False,False
144435085,10,0.6093397359390241,129,668,678,False,False
144440091,17,0.5012235603643881,135,523,516,False,False
144446304,10,0.6588009232672436,138,185,193,False,False
144458200,12,0.6318834867944105,140,268,280,False,False
144462697,39,0.8943025073695673,143,0,0,True,True
146711335,9,0.6191022388733103,93,626,642,False,False
149011533,14,0.5069840134227874,142,634,638,False,False
149274422,19,0.48693621262229403,214,490,460,False,False
141530700,23,0.4466618342422065,295,481,479,False,False
141809729,43,0.38528804157979735,452,443,451,False,False
141910606,10,0.7178475492263815,370,169,168,False,False
142105308,25,0.41132557564016214,284,863,860,False,False
150065244,28,0.47768018914767474,297,247,249,False,False
150066811,9,0.7116069360227678,88,244,238,False,False
150098542,19,0.5522572216267931,279,417,417,False,False
150098860,28,0.3837199621134302,307,882,875,False,False
149838741,17,0.4096661607669253,133,860,858,False,False
149971277,44,0.34068393019700505,449,770,773,False,False
149971537,35,0.38471935853110995,460,510,518,False,False
149973044,32,0.43865301754232555,438,448,443,False,False
150187916,24,0.9133603167460903,311,0,0,True,True
150188659,5,0.9027045067955024,132,79,88,False,False
150191881,18,0.4492222806354086,230,818,800,False,False
150249622,18,0.626779635799747,454,130,132,False,False
150030950,33,0.40266801745705005,460,485,495,False,False
150031766,28,0.40132385854387387,307,626,626,False,False
150032786,16,0.5568642078620311,265,423,414,False,False
150062502,44,0.3797846474951634,435,545,531,False,False
150250528,24,0.5489731639637783,456,91,95,False,False
150270977,24,0.45635065535450936,447,619,619,False,False
150271706,3,0.9277197328986048,91,452,513,False,False
150274632,19,0.6017533765258684,424,154,160,False,False
149989242,19,0.6372318251337089,449,74,74,False,False
149993861,43,0.31756591085930264,429,961,956,False,False
150029502,40,0.38431336117896997,457,462,445,False,False
150030205,37,0.3770943795671793,459,614,613,False,False
150102227,28,0.4020680466086498,444,764,757,False,False
150104808,24,0.6003886377887072,445,62,57,False,False
150106948,27,0.44661591790440736,303,217,215,False,False
150146973,44,0.3167899126181407,458,973,970,False,False
152069565,13,0.5341810328789988,134,575,574,False,False
152272780,5,0.7848323931199791,95,591,600,False,False
152289084,8,0.7629332833698481,83,232,230,False,False
152318730,8,0.9066968422167051,64,15,12,False,False
152475818,10,0.6550331011846087,97,480,491,False,False
152536709,6,0.6871851549653607,85,737,744,False,False
152537042,10,0.5276359350494804,91,649,641,False,False
154616668,12,0.48564845610199714,110,741,722,False,False
154844384,10,0.6938488377516934,106,426,402,False,False
154844651,12,0.6114132849996198,106,673,667,False,False
155315895,6,0.7675164552806624,112,403,420,False,False
155316003,15,0.5276692334108062,113,633,616,False,False
155944894,10,0.8258601402224461,117,9,12,True,False
155951271,14,0.6013334539981854,137,256,262,False,False
155951632,23,0.34446752113746537,134,940,937,False,False
150299078,33,0.5862853235217804,440,0,0,True,True
150299115,38,0.35093890149531903,384,847,824,False,False
150301109,42,0.39292617810206165,458,261,259,False,False
150322652,43,0.34547468867678244,462,662,656,False,False
150359212,36,0.4006796144169553,432,533,528,False,False
150360766,25,0.5525266828480487,451,135,139,False,False
150390619,26,0.550817860678238,436,34,34,False,False
150391118,19,0.5117690353642971,271,319,330,False,False
150391436,31,0.4696011669362794,461,67,68,False,False
150391740,17,0.6869010013220319,139,77,83,False,False
150429481,23,0.44680196011108464,282,614,618,False,False
155967977,13,0.5752813569293292,133,419,418,False,False
155986202,15,0.5431164829538355,120,523,508,False,False
156003626,11,0.5795027032491058,141,431,448,False,False
156083493,17,0.4932841522435478,131,490,491,False,False
159628098,17,0.5005195548102281,138,764,762,False,False
159641248,7,0.8775834596019472,120,136,144,False,False
159672838,5,0.8705898695850856,60,572,530,False,False
159924919,9,0.6702511234838163,88,550,565,False,False
160148428,16,0.5832295915547074,128,407,414,False,False
160192747,11,0.5923857734013034,92,651,663,False,False
160197441,7,0.6759437271611929,87,470,462,False,False
160225415,6,0.8122262215559046,50,292,261,False,False
156087003,17,0.5273427998771691,135,443,448,False,False
158536201,16,0.4946223222766002,116,649,644,False,False
158536220,10,0.6811347299747763,130,120,120,False,False
158624328,27,0.49293236164892984,283,108,108,False,False
150430275,44,0.36749160675367576,462,571,572,False,False
150440079,26,0.4570545359761815,458,607,608,False,False
150441905,41,0.3249578691019581,418,899,893,False,False
150442748,18,0.5947289724228133,281,276,287,False,False
160069047,13,0.5532077462616285,135,605,606,False,False
160080353,10,0.6664763022178615,112,285,281,False,False
160081043,62,0.13945978275080861,142,991,990,False,False
160113035,9,0.7708243795668198,111,167,167,False,False
161112458,14,0.5622164560563968,142,357,359,False,False
161153394,16,0.4334585919440841,126,957,954,False,False
161154963,5,0.9261073646973884,66,87,74,False,False
161168147,13,0.5556150566332948,127,505,516,False,False
161168483,12,0.5901441350828159,129,582,588,False,False
161169062,17,0.4573475751935192,123,872,868,False,False
161170644,5,0.8709756333658837,78,215,180,False,False
161173424,14,0.603416823045536,129,121,121,False,False
161174069,14,0.562507239241851,120,254,251,False,False
161209504,16,0.5146319426577163,121,476,477,False,False
161221229,2,1.0,22,80,0,False,True
161223640,15,0.48316000680630555,132,819,814,False,False
164681149,8,0.5804237343429,49,588,499,False,False
164695091,12,0.4735833103292897,83,880,871,False,False
164698728,5,0.8860322150224684,69,362,339,False,False
161264425,3,0.9962213447031998,55,168,174,False,False
161271850,11,0.7103487993908715,141,119,121,False,False
161272468,13,0.6436252318020219,145,184,189,False,False
161291273,15,0.5408366925533815,124,447,428,False,False
164720895,10,0.5689134219629283,81,691,683,False,False
164720937,6,0.9084606194156736,77,147,158,False,False
164753256,3,0.9459765073345849,91,269,326,False,False
164767175,8,0.6424194350156135,65,572,529,False,False
164768954,12,0.6210711735378897,86,308,298,False,False
164772943,13,0.5378943605432842,89,470,464,False,False
164775178,4,0.934950639359262,89,191,215,False,False
165889185,8,0.7455359866340611,86,313,322,False,False
161376559,16,0.5941811168741846,138,179,187,False,False
161440068,14,0.6314477089582261,134,185,186,False,False
161458420,11,0.5683551157463075,116,732,726,False,False
161459089,13,0.5327990388106854,122,686,672,False,False
161306328,18,0.4266852069981226,138,918,917,False,False
161313695,17,0.7129044197668438,130,35,36,False,False
161358441,14,0.5249095973083463,133,399,407,False,False
161376469,13,0.525406866242719,134,519,512,False,False
165940959,4,0.8402469087683607,26,265,156,False,False
166975595,9,0.7540906937351136,116,469,296,False,False
167456185,5,0.9909371147016144,65,82,101,False,False
167526213,9,0.7015933380920907,239,527,515,False,False
175411371,16,0.5622295481677216,125,357,348,False,False
175457541,17,0.4446464346371949,135,692,699,False,False
175475124,15,0.6114604702186639,134,134,142,False,False
179492666,10,0.6472233236665391,116,295,304,False,False
179677491,15,0.46815741074800665,138,777,788,False,False
179678378,9,0.6687284635081986,125,300,301,False,False
169266000,11,0.6845023444214375,118,312,315,False,False
169304346,11,0.5581280428965697,120,650,653,False,False
175391698,19,0.50333294588014,128,738,733,False,False
175392087,7,0.7882313163037727,100,293,294,False,False
175397329,14,0.5145142428594691,126,643,641,False,False
175405764,5,0.8083735250429706,73,259,214,False,False
175405928,11,0.6431189841544893,133,270,274,False,False
175409859,15,0.5897984034246251,125,149,147,False,False
178171862,13,0.6085734723123265,95,396,403,False,False
179282641,18,0.4729200529412946,133,478,494,False,False
179284271,15,0.5371906468029821,108,594,565,False,False
179491590,20,0.4912458040974754,123,388,387,False,False
179823111,18,0.5670401618764326,129,180,176,False,False
179985715,19,0.45512541429434616,129,402,399,False,False
179986582,4,0.9904740965471842,123,93,115,False,False
180413022,2,1.0,41,106,0,False,True
183529462,5,0.949102525363522,119,55,59,False,False
183529631,17,0.4775594926704201,137,842,847,False,False
183529721,18,0.472257650266957,129,574,571,False,False
167526477,19,0.5360488726208845,423,309,318,False,False
167549317,24,0.5499395742515261,413,109,110,False,False
167551097,24,0.51790738602914,394,318,308,False,False
167655998,23,0.43832985584574624,261,828,824,False,False
181454895,20,0.4705806917040869,146,754,757,False,False
182521219,17,0.5971799497132099,136,182,191,False,False
183495016,11,0.6778422578347995,119,191,187,False,False
183529176,20,0.40855789906751006,130,939,933,False,False
180724528,3,0.9989619960481946,135,127,143,False,False
180724548,4,0.9500089785293996,73,195,229,False,False
180999563,25,0.448929496636461,276,540,538,False,False
181230103,6,0.8306350814932152,119,202,210,False,False
183532275,4,0.882211049403961,60,382,343,False,False
183532609,6,0.7788874133744131,101,287,288,False,False
183533154,5,0.9211695466288977,55,258,223,False,False
183536420,11,0.6034407696760633,135,340,352,False,False
183537452,21,0.42474292829281857,138,457,467,False,False
183537557,15,0.5565946110299614,127,304,294,False,False
183584918,18,0.4649896205752383,137,662,667,False,False
180444255,23,0.45770258303079325,135,607,620,False,False
180444967,18,0.4685851556495727,113,691,677,False,False
180551167,25,0.48397634475976314,273,246,250,False,False
180723706,21,0.478189446338914,268,325,310,False,False
184449225,4,0.986087370388469,68,89,116,False,False
188544193,15,0.4903176974316623,129,725,718,False,False
188570399,16,0.5558687637271094,140,216,228,False,False
184137441,2,1.0,45,131,0,False,True
184240478,7,0.7010838904625729,82,413,392,False,False
184240683,19,0.9877847255781341,141,0,0,True,True
184398115,5,0.835256412530059,75,529,526,False,False
167698166,36,0.3180223855824855,448,983,982,False,False
167723227,37,0.3548699102644933,450,829,836,False,False
167797589,31,0.3860847993143567,443,571,552,False,False
167813804,36,0.40521936507969636,458,444,448,False,False
183585025,17,0.5672331170407462,129,260,249,False,False
183585325,17,0.42114059204298193,136,800,804,False,False
183591107,10,0.8013579628589027,264,76,82,False,False
183594608,26,0.46805916685714566,276,372,368,False,False
197736345,12,0.5581828186448922,132,538,533,False,False
197740549,13,0.4424763838525805,114,903,891,False,False
197783882,14,0.5366925705399036,134,519,524,False,False
197784342,17,0.5374572380563205,272,366,370,False,False
183619369,22,0.49562807607107473,282,414,420,False,False
183620516,12,0.6364796234214187,187,162,139,False,False
183645350,20,0.6884312644892016,266,48,44,False,False
183675957,9,0.6976002699004189,124,466,481,False,False
183979262,44,0.7013334136042008,324,0,0,True,True
183981752,25,0.37501749267234286,305,850,847,False,False
183984138,13,0.5982314008136065,140,375,400,False,False
183985250,33,0.776324824281056,137,0,0,True,True
197804126,27,0.43683733550783754,265,821,823,False,False
197804282,17,0.6807001062672908,244,105,109,False,False
197806814,26,0.3687119755446968,279,902,902,False,False
197807043,12,0.537855564408858,114,445,437,False,False
197950300,11,0.7016180056258484,133,131,129,False,False
197954314,6,0.9277445610378928,127,129,155,False,False
197955324,12,0.5358499698783853,114,626,636,False,False
197961755,13,0.9368310704574305,138,0,0,True,True
197807302,27,0.3854176501836134,275,831,836,False,False
197808393,2,1.0,33,55,0,False,True
197809777,13,0.5885734382308252,135,620,620,False,False
197829601,30,0.38965486271413496,277,699,697,False,False
197830265,16,0.5355104003165934,135,521,521,False,False
197845043,27,0.5129175054626753,270,168,165,False,False
197846172,19,0.4575949223205009,133,802,795,False,False
197880776,23,0.4398702124978291,284,671,669,False,False
197885600,24,0.4566905132175636,283,451,451,False,False
197886895,27,0.377000737201141,282,872,871,False,False
197887644,7,0.7236067097639037,76,434,420,False,False
197890692,14,0.857941521992212,165,31,24,False,False
197892635,12,0.6278017058779424,235,534,515,False,False
197904448,13,0.5572387156508188,88,734,747,False,False
197935281,30,0.42556480861303536,282,469,458,False,False
197935605,17,0.4998146593131868,136,541,540,False,False
197978738,6,0.7402733452890933,95,610,603,False,False
197979354,20,0.4442024638157591,142,583,587,False,False
197982694,16,0.4636196968766826,142,890,889,False,False
197983102,10,0.6895914886341734,143,148,146,False,False
197985569,11,0.6271743767695203,128,290,293,False,False
198005341,5,0.9184932014953995,94,285,310,False,False
198073526,7,0.5930872856158512,97,949,955,False,False
198074705,11,0.5982748395484997,93,584,578,False,False
200671041,6,0.8937464198217152,106,103,104,False,False
200742257,12,0.6658395036779822,267,413,416,False,False
200745217,4,0.9933242650005892,45,108,104,False,False
200786539,7,0.8000025029103777,85,210,210,False,False
200802812,12,0.6549309817793008,91,218,212,False,False
200804116,12,0.5731288641274735,93,569,570,False,False
200807744,6,0.9027969287496743,86,320,330,False,False
198077554,7,0.7039385185407259,96,242,254,False,False
198078007,8,0.6629310915290434,81,793,788,False,False
198081001,9,0.7711261499416137,79,192,197,False,False
199729914,26,0.4725190667965522,274,308,312,False,False
200746541,11,0.7011180305598949,95,268,263,False,False
200769811,12,0.9090022890095537,269,6,6,True,True
200780252,12,0.6517231059740892,82,488,485,False,False
200782823,10,0.5625195470325952,95,840,849,False,False
201753334,5,0.9232058552414387,115,157,174,False,False
201791716,20,0.5395234568550535,256,322,325,False,False
204449384,15,0.477704528195223,136,804,811,False,False
206401237,7,0.8660771815078154,88,151,159,False,False
206402318,10,0.6437415752212077,82,168,166,False,False
206402603,12,0.4870240260759373,92,763,761,False,False
204584365,8,0.8839350335474707,64,106,83,False,False
204588986,13,0.5764126090143916,108,451,443,False,False
206350311,22,0.4500027348967297,284,638,640,False,False
206385283,8,0.5899086512911941,91,813,819,False,False
200852526,2,0.0,0,1000,1000,False,False
201365022,31,0.39130851390401244,309,467,465,False,False
201753030,26,0.39786923131957197,283,755,760,False,False
206467901,11,0.6149337439147781,83,503,493,False,False
206469812,3,0.9325459107758971,58,394,439,False,False
206474468,11,0.6075270136834754,89,487,497,False,False
206475215,11,0.48698857631390036,89,888,892,False,False
206434088,10,0.7040417920971809,82,141,143,False,False
206435948,12,0.4996496339113762,91,842,842,False,False
206466813,13,0.5213182065851006,95,542,549,False,False
206467068,13,0.6084470469249176,96,217,224,False,False
199731707,22,0.4694085389877206,262,487,477,False,False
199735746,24,0.44359025591580026,278,503,510,False,False
199735836,29,0.4170081672317676,288,660,660,False,False
200657905,16,0.6076372233281827,134,210,216,False,False
206477756,11,0.6428368837749524,81,442,445,False,False
206478479,12,0.5037364478171193,86,748,747,False,False
206492386,5,0.9619705973027204,85,129,163,False,False
206529534,30,0.39840115072773397,304,744,737,False,False
211436475,12,0.5400592883469416,109,614,596,False,False
211440800,18,0.4481301675417526,136,654,651,False,False
212377300,9,0.9157354615081431,89,366,389,False,False
212381172,10,0.6322968916726536,89,357,363,False,False
214515903,16,0.5510758465715379,131,574,579,False,False
214772289,14,0.49900653788756544,124,783,787,False,False
218960215,13,0.5781717190540336,141,478,485,False,False
207206422,22,0.42928205950233944,283,779,784,False,False
207238086,8,0.7333638600396524,96,455,442,False,False
207240752,16,0.6126535925456696,132,140,146,False,False
20923934,10,0.6762652187591743,93,287,298,False,False
206615548,18,0.44214663694801914,290,786,790,False,False
206683782,12,0.547693201530199,130,626,616,False,False
207088262,7,0.9495446362495114,129,3,6,True,True
207090424,21,0.40434596046792515,140,888,889,False,False
218967667,13,0.5168447819984003,138,544,558,False,False
218968119,15,0.5535295687869135,133,333,341,False,False
218969746,18,0.4485787707274689,137,899,900,False,False
218970269,10,0.7597643922751033,133,147,154,False,False
207148330,10,0.6171217375191377,91,671,683,False,False
207174734,21,0.5309926969805822,284,117,122,False,False
207174980,9,0.6518266120289471,127,128,126,False,False
207177270,27,0.42187871241092345,267,783,769,False,False
219215835,6,0.8776306324741745,77,63,60,False,False
219217331,2,0.0,0,1000,1000,False,False
219218631,8,0.694217261276858,78,319,315,False,False
219221780,13,0.4946087101815414,82,790,776,False,False
206532826,32,0.37541222977721145,313,572,583,False,False
206532858,26,0.4152540022140928,312,644,641,False,False
206564625,20,0.5321793871176127,301,222,224,False,False
206609649,10,0.6528102475489954,134,443,456,False,False
218972061,12,0.6107880984899072,111,350,354,False,False
218973038,17,0.6539080244019428,138,31,32,False,False
219121412,17,0.5343447222883015,135,238,251,False,False
219141658,14,0.5663303317603292,128,501,496,False,False
219229293,10,0.624737594158563,89,351,351,False,False
219233386,9,0.6492073625130039,87,426,423,False,False
219234951,9,0.6266714329935478,85,454,446,False,False
219235147,2,1.0,22,120,0,False,True
219236564,7,0.8416483921243589,91,84,93,False,False
219238878,13,0.49310286505587664,81,841,840,False,False
219240217,8,0.7190725837588059,76,360,350,False,False
219246146,9,0.7215860499074277,86,331,323,False,False
219251169,7,0.8241575947607818,88,126,123,False,False
219255235,8,0.7123926924656445,92,582,585,False,False
219317391,9,0.6943556513209491,99,275,259,False,False
219318151,17,0.4694262640510145,133,613,623,False,False
220394125,11,0.6176124483693379,95,477,496,False,False
220394510,9,0.7403236398944893,93,222,222,False,False
220394878,8,0.6250819947573959,87,392,390,False,False
220397638,13,0.5350512869822663,85,453,456,False,False
220391299,11,0.6448888155780569,221,202,181,False,False
220391375,25,0.45530061250839804,284,562,565,False,False
220393352,7,0.6534391282170455,67,579,557,False,False
220393406,12,0.6080191792005527,97,614,612,False,False
219342752,34,0.29708495119259537,290,985,988,False,False
220388567,15,0.9178117064417224,137,0,0,True,True
220389925,26,0.4045351533401439,268,710,709,False,False
220390069,6,0.9190574928045243,80,11,9,False,True
219334470,16,0.45089753802121846,129,845,837,False,False
219334689,21,0.43970147701270523,280,407,402,False,False
219334997,28,0.4429830037853679,279,420,421,False,False
219337000,4,0.9944922170398226,115,86,81,False,False
220399756,6,0.756434514374472,73,347,341,False,False
220405171,45,0.35858409228970256,460,575,571,False,False
220407099,9,0.7837154672000258,179,308,287,False,False
220407213,8,0.6621012096921408,89,651,654,False,False
220436741,19,0.5392465715104552,284,188,190,False,False
220455309,3,0.9946907797521145,46,171,186,False,False
220459040,10,0.526658576287649,83,856,846,False,False
220482148,4,0.9799589414155121,36,184,139,False,False
220407530,18,0.46563151469061514,280,801,802,False,False
220408612,21,0.4825676038586941,267,401,397,False,False
220409421,9,0.7997443455843495,83,144,139,False,False
220413881,21,0.5146740314258186,286,112,124,False,False
220423277,10,0.7070125922518451,83,492,491,False,False
220430530,6,0.795542734926396,70,597,586,False,False
220430697,5,0.794666831207057,37,529,444,False,False
220431435,43,0.3614820256985011,431,726,720,False,False
220482527,14,0.5121968398987773,132,803,802,False,False
220485705,12,0.6732938252904009,140,59,62,False,False
220491450,8,0.6609971534528674,142,425,439,False,False
220509904,5,0.8403268054984987,105,531,534,False,False
220511824,4,0.9635334458346203,118,182,232,False,False
220595865,10,0.7023395026446567,95,106,90,False,False
224225541,2,0.941292004916594,112,328,389,False,False
224278972,16,0.46343326165747667,122,766,758,False,False
228507387,15,0.5460358198884627,142,466,479,False,False
228569826,9,0.8030695690784574,123,61,64,False,False
220414767,40,0.3343657399996858,445,819,816,False,False
220416628,10,0.7002497761988008,85,245,246,False,False
220421994,33,0.4729646975355747,449,92,93,False,False
220423078,7,0.7434176017045981,88,364,377,False,False
224281107,18,0.528361214637526,125,409,406,False,False
224281503,19,0.39260009134657037,132,964,965,False,False
224283342,27,0.9545953368651507,139,0,0,True,True
224284606,10,0.6813196407236236,127,604,596,False,False
224285142,25,0.4574065736053351,139,467,471,False,False
224285897,9,0.7022142997569325,102,255,246,False,False
228382006,9,0.7313877119927874,130,268,254,False,False
228383297,15,0.47006620481867734,125,732,735,False,False
229100316,20,0.6211152923130692,269,43,45,False,False
229112415,13,0.5756638267875802,124,476,475,False,False
230983203,14,0.6280257092669772,113,175,167,False,False
229012749,17,0.4802871518161893,132,670,658,False,False
229037487,12,0.5896398865655889,120,591,582,False,False
229039703,12,0.561572840020919,120,661,654,False,False
229051080,9,0.6934810328257758,97,227,213,False,False
231293370,2,0.9962062772181678,52,126,138,False,False
231627272,6,0.8419180629714245,120,349,352,False,False
231627290,13,0.6517252311288557,137,160,162,False,False
231630959,5,0.9047632851476927,119,296,307,False,False
231005223,10,0.6093790173181423,69,459,448,False,False
231009108,7,0.8717907102692568,102,266,270,False,False
231013930,8,0.8432603750496157,243,160,149,False,False
231020078,32,0.38344208451294204,287,571,588,False,False
231671734,15,0.9641575084852633,145,1,1,True,True
231701201,6,0.9704475666462437,129,131,174,False,False
231704059,13,0.6190967243552885,144,242,238,False,False
231704229,8,0.7056400500006076,97,509,489,False,False
231636691,7,0.8899728011296985,84,131,115,False,False
231663901,19,0.8222947374569521,141,0,0,True,True
231668630,11,0.6795494455527352,138,230,231,False,False
231670397,16,0.5420580886010729,135,346,343,False,False
231061445,31,0.3983502157950265,277,511,518,False,False
231061733,16,0.9931962637740878,282,0,0,True,True
231268284,8,0.7894756451596519,128,234,235,False,False
231280161,33,0.3328278305276777,280,948,948,False,False
231047005,26,0.37717485151293495,283,906,915,False,False
231048679,21,0.45427865013947877,269,526,526,False,False
231057252,24,0.4763836041816121,264,522,515,False,False
231059941,8,0.8328673147400543,261,85,85,False,False
231715395,8,0.7289752921296342,100,147,134,False,False
231825380,27,0.367449670011294,295,944,940,False,False
231831114,33,0.4215478266027275,288,350,344,False,False
231023707,34,0.3269076812382632,289,982,983,False,False
231044412,21,0.5535694367591943,263,153,145,False,False
231045282,24,0.47651281494191,275,441,434,False,False
231046372,26,0.39376129366613366,278,728,726,False,False
237356492,5,0.8120446977103166,49,550,517,False,False
237356930,7,0.6586205547585208,61,692,671,False,False
237356985,7,0.7496777911804744,81,338,337,False,False
237358181,12,0.48783458077049624,71,704,688,False,False
231831315,36,0.37415895448075087,297,672,683,False,False
231832497,16,0.5221595154586588,315,575,577,False,False
231833204,56,0.22641175190692708,245,990,980,False,False
231839537,13,0.6247488742215033,275,545,542,False,False
231840159,5,0.8990113113128771,184,370,341,False,False
231840839,18,0.5964118184599535,286,356,360,False,False
231845790,31,0.4781711568283087,307,60,59,False,False
231853796,31,0.39116169605732654,311,674,676,False,False
234497476,11,0.9507209517877173,301,8,14,True,False
234504902,33,0.3553495104572266,315,795,799,False,False
234525922,12,0.5928068734557346,139,349,342,False,False
237340658,3,0.9459746052092446,18,415,307,False,False
240849795,14,0.6442197764613864,119,111,104,False,False
241393007,15,0.49203120807119405,97,849,860,False,False
241393039,26,0.36822063773665625,97,327,326,False,False
241444142,8,0.6136498257213413,86,633,646,False,False
231862051,13,0.6198438020808038,120,205,205,False,False
231867105,28,0.42930355935053877,297,386,384,False,False
231912935,31,0.3688465586324423,311,728,735,False,False
233959273,23,0.4491966383540671,287,600,595,False,False
233959314,45,0.3349306089617239,458,835,835,False,False
233961272,17,0.6492694681237217,432,174,172,False,False
234280067,13,0.5186370140199236,135,643,635,False,False
234291032,15,0.4639609245206149,138,691,687,False,False
237879824,25,0.4804667550489573,301,235,231,False,False
237883766,15,0.5426261474219826,304,505,505,False,False
237886259,13,0.5956678584205334,137,411,429,False,False
237886434,12,0.6757551186798609,281,315,321,False,False
241577342,2,0.8968136817415612,58,564,578,False,False
241765380,11,0.5363040445683824,93,702,708,False,False
24186466,11,0.5670556794969523,95,536,548,False,False
24225968,10,0.7245936460811392,99,247,256,False,False
24251461,12,0.6667350390437295,98,374,387,False,False
24251953,9,0.6721318035548879,93,418,430,False,False
24269255,8,0.6948516948015702,86,390,383,False,False
24270027,12,0.6494529172384738,81,238,229,False,False
237906842,29,0.3739686820406336,297,634,625,False,False
237912376,30,0.4969010441362811,310,86,79,False,False
238926393,33,0.47055795576622006,311,76,74,False,False
240764987,45,0.9860400343316508,140,0,0,True,True
246820769,18,0.4494754770477358,137,711,705,False,False
246822906,15,0.6265976683309499,137,183,198,False,False
246848176,3,0.8893695651712724,11,447,185,False,False
246848355,5,0.8709020469659523,76,226,209,False,False
248380067,9,0.5911802088226786,85,847,841,False,False
248392812,10,0.6769867131040714,79,304,300,False,False
248945311,12,0.5619201255304532,80,268,250,False,False
248945424,11,0.5572373443826125,84,475,480,False,False
248946014,9,0.6217591919940663,83,500,491,False,False
248947399,5,0.7980155993981146,52,556,525,False,False
248949078,13,0.5723045709490457,93,427,427,False,False
248949857,14,0.41361382120519696,92,949,954,False,False
248952191,8,0.6004337605607312,98,719,718,False,False
248952560,3,0.9099284385026399,59,492,488,False,False
248953025,10,0.609546657893968,93,690,693,False,False
248955543,7,0.9561757550254543,87,19,22,False,False
246851853,18,0.5524009150046377,128,228,231,False,False
246854655,13,0.6366596445790327,133,116,113,False,False
246859878,16,0.5636449113219085,139,129,138,False,False
246861224,3,0.9999999261659804,72,56,1,False,True
248956869,7,0.6475223542026798,84,504,503,False,False
248959076,7,0.7240191909497821,87,474,471,False,False
248962024,9,0.6173920544353391,96,510,531,False,False
248962582,10,0.6707069366691027,81,337,321,False,False
248986951,5,0.7568248685993499,50,373,318,False,False
248987739,12,0.6814375301806201,98,237,241,False,False
24940997,4,0.9097711315209396,63,254,253,False,False
251821926,8,0.7235203379105346,102,257,250,False,False
246862277,16,0.4746308990196545,126,493,475,False,False
246862438,10,0.6593783368347449,106,184,167,False,False
246883482,14,0.5720206327015496,131,300,299,False,False
24696180,32,0.40494213728896444,298,412,414,False,False
251828729,6,0.7350151991209974,84,446,412,False,False
251828912,8,0.701203270495413,105,236,232,False,False
251840720,18,0.46987809237680933,134,431,436,False,False
251841265,20,0.4358414106294768,140,677,678,False,False
251848060,8,0.7061946352854765,114,668,664,False,False
251848320,17,0.49383607334937996,128,489,480,False,False
251848941,21,0.39312258320170934,147,651,663,False,False
251853202,15,0.5710883632835364,118,168,163,False,False
251844875,18,0.5887329610093338,131,86,86,False,False
251845125,16,0.586037560835422,140,168,174,False,False
251845481,12,0.5123387436069766,136,819,815,False,False
251846711,21,0.35794321190322176,133,984,983,False,False
251879885,13,0.643766018547538,118,123,127,False,False
251881536,11,0.6763578070900585,115,195,185,False,False
251882735,12,0.5773735442719733,136,394,383,False,False
251884959,7,0.8992855209331693,105,152,154,False,False
251885366,6,0.9131099278855912,84,224,186,False,False
251885542,13,0.6292836338892004,136,293,298,False,False
251886567,14,0.5611092171161999,114,404,404,False,False
251886984,11,0.6393759503032852,132,203,201,False,False
259408567,5,0.9274659512641149,62,158,165,False,False
259472825,10,0.6173919996265906,88,431,421,False,False
259472888,10,0.7800138912705766,88,150,151,False,False
259477227,10,0.633061529968963,79,428,425,False,False
251887089,16,0.45252169511647566,125,708,705,False,False
25285103,16,0.4186639427889416,125,961,960,False,False
254302983,16,0.5327860437575846,132,359,354,False,False
254304085,16,0.5767875545960004,116,219,219,False,False
255632493,15,0.4742682516671495,126,815,814,False,False
257735550,14,0.5985666647611738,284,271,273,False,False
259377017,13,0.48143867364431303,82,608,600,False,False
259389138,12,0.47471034819831337,96,926,928,False,False
260750374,12,0.5956283400445558,129,509,509,False,False
260852493,15,0.5151870270077789,131,716,710,False,False
260854590,14,0.5196999667075946,125,734,739,False,False
261543672,15,0.5118975373634007,137,655,656,False,False
262820103,7,0.6480193785297501,71,721,711,False,False
262823544,8,0.8145735826080249,120,148,155,False,False
262824351,14,0.5222678849251277,118,603,590,False,False
262824477,12,0.6281761487111207,140,294,309,False,False
261561216,2,1.0,4,137,0,False,True
262530407,23,0.6337190842310829,286,11,8,False,True
262531321,15,0.5255305532032134,269,584,579,False,False
262810040,8,0.7349477233710583,77,330,322,False,False
262829638,2,1.0,18,96,0,False,True
262924431,3,0.9910503876882661,154,271,346,False,False
265438551,9,0.7752324650524783,143,527,546,False,False
265468668,20,0.3870069978513804,132,952,949,False,False
260188153,27,0.4170398391757919,304,791,791,False,False
260266449,30,0.4259167705495943,434,517,533,False,False
260300455,20,0.5129650742269755,300,129,133,False,False
260604507,15,0.47429866923607455,123,854,852,False,False
260604509,7,0.6926157403813916,83,495,494,False,False
260657210,3,0.9996208969870517,58,123,79,False,False
260708537,33,0.44836063475941645,455,167,166,False,False
265567103,10,0.6774426246355963,94,584,558,False,False
266640615,15,0.5546767607131029,112,432,410,False,False
266640848,9,0.6901040151978787,98,643,626,False,False
266787143,4,0.9559934253682518,46,266,284,False,False
266787510,11,0.6288544312032887,93,358,359,False,False
266788321,12,0.6953770298123803,96,187,196,False,False
266717622,9,0.7550383835172911,88,127,124,False,False
266723295,2,0.0,0,1000,1000,False,False
266735121,21,0.3560463721159546,98,966,965,False,False
266784171,6,0.910721799475967,67,205,200,False,False
266877446,5,0.8647911743269832,29,431,345,False,False
266905315,16,0.45800295811245206,136,805,812,False,False
266966946,16,0.528219453392329,142,379,383,False,False
266968065,15,0.5722013501889457,143,365,375,False,False
266994265,17,0.4862375027795973,123,667,670,False,False
266994443,9,0.5765895120993536,123,699,696,False,False
267002000,10,0.5450467684125102,128,521,531,False,False
267040956,13,0.5874224007037869,135,271,267,False,False
267041899,18,0.4420745865069643,125,823,818,False,False
267046790,17,0.4361680401312903,139,581,587,False,False
267063469,19,0.44629241190028257,139,783,784,False,False
267090033,6,0.7547139343547803,73,485,451,False,False
268751690,9,0.5849978974197836,83,685,698,False,False
268765642,11,0.6155174236225793,89,597,607,False,False
268765670,5,0.9451525902211999,80,252,288,False,False
268766053,12,0.5334846685057812,90,525,510,False,False
260356438,5,0.9328260247759979,395,428,481,False,False
260420562,48,0.31908410755617234,439,883,886,False,False
260420823,39,0.4749692863799372,436,51,49,False,False
260476107,35,0.36749153363565856,429,836,834,False,False
267324071,6,0.7209675788555098,101,686,673,False,False
267324084,14,0.48678791335532234,139,717,716,False,False
267492210,4,0.9661937094921382,131,181,223,False,False
268534632,11,0.6540151964660952,92,289,282,False,False
267183401,10,0.6593508263424971,128,353,352,False,False
267188864,14,0.6444875368049114,140,186,189,False,False
267263253,12,0.6257814553662452,119,208,202,False,False
267320484,14,0.5220979471193654,125,529,514,False,False
260476779,37,0.38859250717166893,454,488,478,False,False
260507598,20,0.5663811303311828,435,105,113,False,False
260507876,43,0.321459590667317,415,896,887,False,False
260542381,21,0.5926855316026147,418,51,52,False,False
268769168,10,0.6118718677129521,86,571,564,False,False
268785978,10,0.537030084247951,85,775,775,False,False
269847768,9,0.5935667722241935,82,555,560,False,False
270166054,10,0.7552686478128747,116,128,137,False,False
270268773,12,0.5464140240267331,129,749,755,False,False
270269007,6,0.8807864179849068,135,280,300,False,False
270275818,20,0.5247386950296803,137,284,284,False,False
270286182,13,0.5156006730099402,96,601,611,False,False
270173850,10,0.5273677446218342,113,649,634,False,False
270174158,17,0.4345226195917563,136,739,740,False,False
270249497,12,0.6013182927752369,126,492,477,False,False
270260170,19,0.44915943096722266,133,819,827,False,False
270302483,11,0.5803019786848348,108,548,542,False,False
270303376,5,0.9173179577525922,119,115,133,False,False
270337261,11,0.7297311520678179,131,45,49,False,False
270378356,7,0.7145342655794025,72,215,181,False,False
270480629,11,0.7851558365506559,134,97,100,False,False
270481071,15,0.5229803833628057,117,457,446,False,False
270621379,17,0.4895408639152028,128,613,608,False,False
270621612,8,0.772731915696229,88,213,195,False,False
273569625,19,0.47236860667261715,140,627,632,False,False
273652136,9,0.7278545629622382,112,76,74,False,False
273699230,5,0.8675543065142886,87,419,408,False,False
273734245,10,0.6866335647165381,128,337,340,False,False
273792114,18,0.45646999021527757,123,541,535,False,False
277802122,2,0.9530153203872261,105,334,382,False,False
277891996,12,0.5630801011111621,127,492,485,False,False
277892347,14,0.5406402937664802,124,498,489,False,False
277892453,3,0.9982526928157208,66,80,82,False,False
277911424,17,0.4112420252689726,138,924,929,False,False
277911656,14,0.6455217057484758,129,290,278,False,False
277912869,9,0.6889777065675965,122,435,439,False,False
270622780,12,0.5508423653631231,130,508,501,False,False
270653912,14,0.46973016596637773,116,744,739,False,False
271724675,15,0.7005564826560392,437,56,57,False,False
273555466,16,0.5015293398511518,137,472,481,False,False
280789406,11,0.6556600440630825,82,269,254,False,False
280789967,15,0.5613984038728823,99,403,418,False,False
280794991,7,0.6771732928294443,65,701,632,False,False
280803672,22,0.5200489623584291,437,205,204,False,False
279088303,42,0.4321042751238807,453,70,70,False,False
279088539,37,0.41566918996600455,458,233,234,False,False
279091054,13,0.70358056599522,224,211,203,False,False
279052786,36,0.42768580164624626,421,335,341,False,False
279054946,22,0.5457055670600403,445,180,178,False,False
279055830,9,0.9175146288300478,310,80,87,False,False
279087952,29,0.4484482899303541,270,391,387,False,False
278990983,20,0.4538268803640495,264,606,598,False,False
278991073,37,0.3783298261224468,460,344,341,False,False
278991349,23,0.5691293805326636,456,180,180,False,False
278991580,8,0.88650543099967,177,105,88,False,False
279322448,32,0.6939787038947034,461,1,1,True,True
279361762,29,0.45009365069006846,281,198,200,False,False
279362204,7,0.7667530687654558,191,641,580,False,False
279362216,7,0.990469545911965,88,21,15,False,False
279092536,28,0.561621221356051,456,33,31,False,False
279159844,30,0.40279967417812435,283,869,862,False,False
279160404,17,0.5056065327216654,141,535,535,False,False
279318109,34,0.3922301577085505,421,658,658,False,False
277940529,20,0.3815654600009989,131,956,951,False,False
278777620,35,0.49864841346668887,459,40,37,False,False
278779083,33,0.42766131691601017,458,330,329,False,False
278957617,31,0.3643244637705897,452,904,906,False,False
279425657,48,0.32564677248641405,462,783,781,False,False
279854899,31,0.42319187788165613,451,371,357,False,False
280698967,15,0.6119683122225298,142,291,298,False,False
28077586,5,0.9828195656259728,87,34,41,False,False
284082067,10,0.7307776963502538,86,87,86,False,False
284083051,10,0.6719804172941443,82,273,271,False,False
284083493,8,0.6768967517981538,80,671,662,False,False
284121210,9,0.6198298984012212,92,488,488,False,False
284122100,7,0.8373953294191562,83,352,365,False,False
287174076,10,0.5918601413432043,88,781,790,False,False
287589907,11,0.5824004887392514,98,718,716,False,False
289626783,12,0.653067039182512,139,186,195,False,False
281786416,14,0.5339620927798975,113,568,561,False,False
281788484,14,0.5207897733720952,117,634,635,False,False
281815410,3,0.9699552511277033,127,119,156,False,False
284077350,12,0.5401559875626956,95,683,690,False,False
293525326,13,0.6691018987345384,142,76,73,False,False
293526840,17,0.48492320187443005,143,557,569,False,False
293571273,16,0.5952798471782168,137,165,167,False,False
293618282,17,0.4804648773025375,142,824,822,False,False
290303700,13,0.5078361004974736,128,789,790,False,False
293166958,3,0.9992313804170777,35,35,19,False,False
293217787,8,0.7491748199586516,90,333,324,False,False
293220616,36,0.3606588842370415,455,808,800,False,False
281497193,29,0.5209856706217908,309,19,19,False,False
281574579,35,0.41669495839572024,300,262,265,False,False
281593180,12,0.5008214736468539,139,898,906,False,False
281598447,32,0.3801350757312256,295,424,423,False,False
299134860,10,0.6412052975792112,93,386,388,False,False
299134881,12,0.5617194867399515,97,583,590,False,False
299176514,10,0.5002017898541604,83,872,861,False,False
299177892,8,0.796254719413863,81,161,157,False,False
281703171,28,0.39878594879929175,295,658,645,False,False
281728940,7,0.6995700070807119,121,592,604,False,False
281729296,30,0.3450892412827128,284,927,927,False,False
281781343,28,0.4342389832841318,278,393,383,False,False
308209067,17,0.46173353813621876,135,610,619,False,False
308210106,16,0.5414655893266815,126,541,541,False,False
311864780,6,0.8265314515639004,82,334,319,False,False
311883977,5,0.8365967057050867,58,544,507,False,False
299897517,31,0.35584276083296884,304,882,881,False,False
300033383,10,0.581176582961245,96,853,859,False,False
300705038,34,0.5102258087398024,449,100,100,False,False
293224564,38,0.3970762311190952,450,398,406,False,False
293270932,28,0.3729983492916289,447,945,942,False,False
293271518,19,0.6076924741801066,264,120,121,False,False
293508748,10,0.5923806846289179,102,771,747,False,False
316854882,20,0.4344472973903921,142,758,764,False,False
316855037,11,0.6424248686050553,134,154,161,False,False
316881711,20,0.41971888717803085,138,819,826,False,False
316831681,9,0.8217343061254961,124,190,194,False,False
316832201,2,1.0,61,126,0,False,True
316832207,11,0.6932098295736849,140,202,214,False,False
316832286,8,0.5991440813556284,77,900,880,False,False
303953504,14,0.588122859014046,138,114,114,False,False
303981359,26,0.5143659312646808,280,146,140,False,False
304102181,32,0.3525175136027714,284,898,902,False,False
308209064,14,0.6631948603093143,115,187,184,False,False
313934186,2,1.0,53,88,0,False,True
313934195,8,0.7612479536410359,103,306,298,False,False
31654804,32,0.41070899579393116,299,293,296,False,False
316830011,12,0.5871259292542617,134,702,719,False,False
322048480,12,0.5746050685418203,118,489,487,False,False
322050553,10,0.6348083736278709,139,229,238,False,False
322065322,11,0.6280961930532531,120,278,282,False,False
32207625,17,0.4373087584236237,139,805,808,False,False
325338671,13,0.5497304849945502,116,435,428,False,False
326198086,2,1.0,11,166,0,False,True
326205407,6,0.7296201154080241,58,686,672,False,False
316992294,9,0.6959753758097507,130,453,458,False,False
317060587,10,0.6654352684736132,141,164,169,False,False
317088106,11,0.7261977309989183,128,57,61,False,False
317097443,18,0.5183213960744361,133,300,306,False,False
32198742,11,0.684546507251097,128,126,132,False,False
32199330,14,0.6153787481383866,136,342,352,False,False
32200787,18,0.5279457135634079,142,254,262,False,False
322010023,16,0.4984965659247601,126,556,547,False,False
326205481,10,0.6746371735996257,93,458,456,False,False
326210415,8,0.821950550931313,96,261,273,False,False
327939708,16,0.5495277035881111,134,423,424,False,False
327996089,25,0.82842910756386,138,0,0,True,True
327996109,14,0.5243631525493907,127,516,507,False,False
33443827,11,0.48544617134566415,79,732,727,False,False
33490526,12,0.5513269446285067,91,535,545,False,False
33490856,12,0.49205671260756023,83,741,739,False,False
316915259,21,0.4863180370127024,308,435,437,False,False
316934730,29,0.3926174317770611,310,763,765,False,False
316967137,7,0.7404774107876542,106,383,383,False,False
316968412,13,0.6432702223969202,255,219,209,False,False
317128444,13,0.507698565395676,140,789,790,False,False
319259160,38,0.3815942641367416,300,649,650,False,False
31943118,4,0.9901772233352012,124,0,0,True,True
321978744,13,0.6478754454555613,118,228,231,False,False
33493176,9,0.7101870199507874,100,279,275,False,False
33495280,11,0.5886814012922331,81,434,418,False,False
33526048,9,0.6339938740491803,96,246,247,False,False
336874964,9,0.7303239421065799,83,171,171,False,False
339767794,4,0.9640447414486114,64,218,263,False,False
340707249,9,0.6609833244379502,88,399,404,False,False
344283272,6,0.91852024259061,53,245,233,False,False
344320670,12,0.47528963580009576,77,910,905,False,False
358512823,25,0.44799202809228433,301,376,379,False,False
369219815,9,0.6944168148211243,90,223,201,False,False
369219891,12,0.5428378286475448,113,803,801,False,False
355425821,13,0.47184081346502704,127,954,954,False,False
355426813,12,0.5194557725827946,135,839,844,False,False
355480244,20,0.5098071530819286,290,334,330,False,False
355508749,12,0.6593661007080173,139,77,77,False,False
369455534,7,0.882711944199887,72,121,100,False,False
369458346,10,0.6052715789196147,130,517,516,False,False
369480804,9,0.6242718980286518,95,343,355,False,False
369480832,10,0.6510567528410719,88,444,446,False,False
355767588,22,0.41642941798666633,299,693,696,False,False
35704767,4,0.9397676759006749,85,135,175,False,False
358250131,16,0.45620441882385054,106,574,545,False,False
358509438,16,0.5359869727652495,141,426,435,False,False
344368428,11,0.5873432389104684,87,324,304,False,False
349273478,37,0.3333590916369855,458,898,903,False,False
355403599,6,0.8018967016819863,130,283,288,False,False
355424707,30,0.36393256808840513,295,770,765,False,False
336875204,10,0.6547874979693303,94,476,479,False,False
336876701,16,0.4621549977798427,96,833,833,False,False
33715956,49,0.3304562492318297,451,701,701,False,False
33878145,24,0.47561551751342734,440,576,584,False,False
37716639,9,0.7279446620199621,88,337,335,False,False
37716825,7,0.7733220287044706,85,592,621,False,False
37744730,12,0.5706368100565695,79,482,472,False,False
37745685,14,0.5087590995200645,89,703,713,False,False
355602286,28,0.4716923190982224,314,143,145,False,False
355651035,5,0.9237706546361664,241,8,6,True,True
355652342,29,0.4161410728246828,313,437,430,False,False
355703913,35,0.6526413300339183,301,0,0,True,True
37773644,7,0.728175032158568,94,258,262,False,False
37774136,10,0.6159873456477735,94,608,601,False,False
380436218,8,0.8319767681932956,75,73,68,False,False
37745770,8,0.6582279275044148,87,471,480,False,False
37749396,7,0.6844571856063272,74,386,376,False,False
37751660,2,1.0,31,161,0,False,True
37762662,10,0.6439002876705493,83,441,432,False,False
370325663,8,0.6476361434379634,133,464,487,False,False
370328324,22,0.46724658268721675,144,429,436,False,False
372817741,10,0.8129638341718087,93,130,136,False,False
372848247,23,0.44635769092929656,265,739,728,False,False
370236000,9,0.775928240116992,406,120,121,False,False
370281600,11,0.6967368644075681,133,182,173,False,False
370324073,16,0.524158148954901,140,558,556,False,False
370324466,6,0.7078233848566887,69,635,585,False,False
369603767,27,0.411268306688942,278,561,563,False,False
369706317,46,0.33289052141159814,458,781,783,False,False
369964134,15,0.5831699901486759,297,316,311,False,False
370233036,12,0.5851345106335303,129,477,483,False,False
382532460,10,0.6772995456652285,121,233,232,False,False
3836148,9,0.579015673319912,59,738,706,False,False
3836364,6,0.868365692230785,71,84,76,False,False
3806602,11,0.5276118443420399,91,857,856,False,False
380824767,13,0.4682925362823862,125,872,871,False,False
380827643,14,0.5398971154446589,127,485,479,False,False
380858160,13,0.5501797744233013,132,745,742,False,False
381855507,6,0.8950672227193216,65,242,211,False,False
381858453,9,0.6709469903860881,142,484,502,False,False
382219663,2,1.0,66,104,0,False,True
382304517,15,0.7425759845785025,144,23,24,False,False
382413530,16,0.42137886893742027,128,875,875,False,False
382416191,10,0.7910683587539912,132,43,46,False,False
382416402,15,0.5197591990473875,136,405,416,False,False
382472618,14,0.5504901230730351,139,579,591,False,False
372849495,35,0.3875488436666794,454,621,622,False,False
375059160,31,0.4278638166660873,374,505,486,False,False
375089653,25,0.4032432316554164,266,816,820,False,False
37716298,10,0.665640688875717,83,311,295,False,False
389527466,17,0.5207895528551914,136,490,497,False,False
389527948,11,0.5887704278358806,118,668,656,False,False
389628260,13,0.605698180006254,132,180,177,False,False
389751904,9,0.717309836869751,137,253,264,False,False
388179423,33,0.40236906564445074,310,736,748,False,False
389011260,5,0.9204227204555187,65,277,270,False,False
389087654,18,0.5428525278532548,136,353,345,False,False
389131517,10,0.6646422303604166,123,443,441,False,False
389752285,14,0.536318923857942,134,413,417,False,False
389756744,6,0.8626108965113832,249,261,267,False,False
3922529,11,0.6529791951290198,97,373,382,False,False
393490406,23,0.4019181206304694,262,915,911,False,False
3990380,8,0.6052039557302165,99,804,813,False,False
40043612,14,0.4971205896877774,99,854,856,False,False
40046362,7,0.7791431552425186,88,397,407,False,False
396721668,7,0.760045820298658,78,294,279,False,False
396721744,10,0.6351605274680124,90,524,535,False,False
396723074,6,0.7806461157802086,94,153,148,False,False
3990356,5,0.6948839909367233,38,508,420,False,False
3965116,14,0.5157012301313054,95,781,792,False,False
396695653,10,0.5810888207197739,85,773,772,False,False
396720311,3,0.9500991308490403,74,214,246,False,False
396721425,22,0.4587933442822728,283,515,511,False,False
393964275,16,0.46979167858260995,128,629,630,False,False
393964361,10,0.625456723510517,137,307,314,False,False
394005654,9,0.7454482246012532,124,154,155,False,False
394494795,15,0.6647131337213844,134,132,131,False,False
40047077,18,0.8909049529428611,96,0,0,True,True
40059019,4,0.953883511026274,49,241,245,False,False
40060706,10,0.5427916264010971,63,804,780,False,False
40083560,10,0.5886499723714248,96,585,581,False,False
393490564,15,0.570894647961579,99,234,237,False,False
393491843,18,0.5698326188448269,277,94,89,False,False
393962765,17,0.5766942513311557,131,242,238,False,False
393963749,15,0.5081071475494406,125,348,342,False,False
40103277,7,0.772959322852252,82,302,310,False,False
40103287,2,0.9972896199282931,100,158,211,False,False
40182390,11,0.6852505098724799,85,148,141,False,False
401838575,4,0.9325975217917436,217,397,423,False,False
406353280,14,0.5218489873629074,98,706,710,False,False
406353865,3,0.9656710435628781,72,263,321,False,False
407581546,16,0.4745778552403497,136,703,703,False,False
408004431,2,1.0,37,114,0,False,True
408013652,8,0.6322988755094728,90,417,414,False,False
408016281,9,0.5208700906539343,77,894,886,False,False
408037026,10,0.5400089132640856,85,681,673,False,False
408047708,14,0.6403977315352303,96,206,212,False,False
401838756,14,0.6042761583756863,269,319,317,False,False
401890220,8,0.8101042168236239,72,76,63,False,False
401985735,10,0.6212748287266114,121,524,532,False,False
401986029,17,0.4790993898280671,126,706,701,False,False
404462097,4,0.9404928499610987,70,98,115,False,False
405428615,12,0.5592386499319574,114,679,667,False,False
405428895,16,0.4795575960219387,139,749,753,False,False
406351414,8,0.8767148011457435,93,139,140,False,False
402026209,26,0.5844541100416658,137,4,5,True,True
402026350,21,0.39604544760813665,139,901,900,False,False
402028212,10,0.6652898456341716,126,183,184,False,False
402041756,13,0.5879105472560685,141,437,442,False,False
402042483,10,0.8214310921195593,133,15,15,False,False
402103411,15,0.6297048397588267,145,136,141,False,False
402112759,15,0.46850863060140113,124,645,638,False,False
402128282,10,0.6419690725781131,124,282,284,False,False
402129242,14,0.6373123579453126,131,178,181,False,False
402129745,18,0.455791864426941,125,703,690,False,False
402129754,14,0.5571994957056262,135,464,475,False,False
402130354,13,0.6009908601948198,120,533,540,False,False
408049337,13,0.5644940321725369,94,454,457,False,False
408067963,10,0.5361500754850064,87,778,771,False,False
408069339,3,0.9875472888747827,81,163,210,False,False
408070719,7,0.8012568689516697,93,431,446,False,False
419016040,3,0.9768901908255095,82,199,251,False,False
419051315,13,0.6358196183232957,131,296,295,False,False
42074448,17,0.6600538861130951,96,79,77,False,False
421873120,13,0.5285489802077801,107,416,390,False,False
408083407,7,0.9067615590326206,61,47,51,False,False
408083839,9,0.6580757720918962,87,331,333,False,False
409137046,13,0.5277476656394327,129,551,554,False,False
410135251,15,0.49334774711858786,138,801,799,False,False
439455229,8,0.7065029134000596,92,197,193,False,False
439460890,10,0.6312941743132114,88,490,499,False,False
439463902,10,0.6428540463490394,77,269,254,False,False
439466001,11,0.5935986591462978,86,526,527,False,False
410153553,38,0.2609648447066433,142,976,977,False,False
410212351,14,0.5334574694491871,139,673,678,False,False
410253041,10,0.62873591892666,137,569,577,False,False
410255881,15,0.5823518268609232,138,287,289,False,False
410442002,13,0.59033934035662,119,658,648,False,False
412051524,14,0.63068849794254,140,308,319,False,False
41861999,26,0.516945254753649,289,52,57,False,False
41898474,5,0.9591378988291321,275,12,17,False,False
469914390,2,1.0,4,164,0,False,True
469933344,12,0.5519669397848781,87,508,488,False,False
421937394,6,0.8279217312382141,64,405,365,False,False
425881596,32,0.3911391195652232,306,433,430,False,False
425883009,31,0.37755097426935336,314,755,756,False,False
441491515,4,0.8992435618943769,40,385,346,False,False
441493794,9,0.6065732156658783,82,775,766,False,False
44579241,13,0.5953961355502957,133,397,404,False,False
44624744,6,0.8204396582331461,94,372,357,False,False
439492792,10,0.7003761795723151,76,589,575,False,False
441056293,14,0.564034425124543,126,490,491,False,False
441193637,17,0.4818438602495638,111,586,563,False,False
441428637,6,0.8656454427496333,77,287,265,False,False
425938730,28,0.4576974047939393,293,220,221,False,False
426012953,34,0.34051521463110235,295,971,967,False,False
43362331,11,0.5692957836336816,133,776,784,False,False
434103832,12,0.6086116617359846,125,233,238,False,False
469933397,14,0.5630124668992114,120,444,448,False,False
469939293,9,0.7071239575823226,97,202,200,False,False
469939625,14,0.5022982548592149,139,699,719,False,False
469947160,6,0.8544454465228146,81,339,320,False,False
425883195,30,0.32733864980076377,305,949,951,False,False
425884565,30,0.4574525589757229,301,314,308,False,False
425931703,33,0.39409988076459035,305,597,611,False,False
425936552,6,0.9749757369233629,201,14,19,False,False
52315024,12,0.8035991836105622,131,20,21,False,False
52365497,14,0.512147702049806,138,642,647,False,False
52367601,15,0.46455739175883626,132,919,918,False,False
52016952,13,0.6287180691383668,122,323,323,False,False
52077955,10,0.6182194922009328,86,581,539,False,False
52194213,25,0.4647553468245016,316,347,352,False,False
52257960,10,0.7051813435508646,111,200,196,False,False
469948126,16,0.5608787907267193,132,226,237,False,False
469966859,30,0.45264210736155386,301,211,218,False,False
469972461,20,0.5048068195832526,300,545,550,False,False
469980385,20,0.34511697699288535,119,995,995,False,False
52286391,15,0.5202771148731548,135,638,633,False,False
52307802,33,0.39909757504700294,306,360,375,False,False
52314170,11,0.7610377053635752,232,213,216,False,False
52314627,8,0.7036715849994876,116,252,249,False,False
53894240,12,0.6410814503532943,94,353,332,False,False
53938270,18,0.3923736428053928,133,947,951,False,False
53976572,15,0.5041946963309203,138,598,597,False,False
55296811,29,0.4855519251524285,286,137,145,False,False
60111124,16,0.6226386499821621,140,63,69,False,False
60369879,13,0.6071198468840694,140,242,241,False,False
60371639,8,0.7452277755757186,129,324,330,False,False
61981778,13,0.5332684692224882,129,565,562,False,False
55400333,37,0.40244211041666045,445,565,571,False,False
55855870,6,0.7700370069998679,66,558,547,False,False
55856742,14,0.42467060809317925,72,965,954,False,False
55857030,11,0.5366118508392197,88,679,661,False,False
62221982,15,0.49255742208985276,129,771,763,False,False
62377610,9,0.682562595343454,110,201,188,False,False
63697276,16,0.5263324856801184,136,555,556,False,False
63697344,9,0.6629971413182604,127,627,641,False,False
63697556,16,0.427424264158873,141,896,894,False,False
65258169,13,0.569084239505028,130,650,653,False,False
66356538,14,0.5411972324269185,127,512,507,False,False
66357973,17,0.452182559725794,138,632,618,False,False
70744199,5,0.904967733238656,48,685,629,False,False
70744320,4,0.9465756787259952,139,285,368,False,False
70762901,4,0.8736622199712748,67,503,457,False,False
70763084,3,0.9814248635331869,21,204,146,False,False
70722627,2,1.0,25,104,0,False,True
70723644,9,0.7402155640932796,137,120,134,False,False
70723782,18,0.46797908328007765,136,744,742,False,False
70742137,17,0.47933678911461186,135,724,727,False,False
66412048,27,0.3943489533279969,273,782,777,False,False
66435575,4,0.9429994621552584,265,255,300,False,False
66536204,10,0.6830864155772022,92,578,582,False,False
66550650,10,0.7408722988955899,96,98,99,False,False
70774607,13,0.5962702260048925,115,392,371,False,False
70775391,17,0.47795163521200046,135,815,820,False,False
70775634,17,0.48673770096363844,132,588,586,False,False
70776480,14,0.5341672971936134,137,659,661,False,False
67544844,22,0.496800369112564,276,267,259,False,False
69747919,15,0.47121752332049915,123,772,770,False,False
69925764,14,0.6355875590810768,140,175,181,False,False
70420258,15,0.5520232068680381,136,464,477,False,False
66374862,26,0.5517444528954633,268,41,43,False,False
66399111,17,0.5974206049193871,261,248,250,False,False
66410290,17,0.5634829032486898,138,267,263,False,False
66411836,13,0.5753128830025734,287,365,377,False,False
70777408,13,0.5911216326616494,127,414,421,False,False
70785900,8,0.9126444416225314,132,15,17,False,False
70787947,17,0.48664064195928525,135,403,411,False,False
70788069,20,0.491981736770268,121,424,427,False,False
70797827,17,0.46018102052495424,131,718,713,False,False
70857782,16,0.4077547301981401,131,972,969,False,False
70858051,14,0.4628415454635768,132,886,886,False,False
7143936,3,0.9967666895334674,65,133,140,False,False
7186216,16,0.5520189148322686,131,459,451,False,False
7186505,13,0.5537760006786032,135,448,444,False,False
75353219,9,0.5851744452833773,89,648,651,False,False
75353949,6,0.7144989015517619,80,411,401,False,False
75373928,10,0.7354375598455171,91,216,217,False,False
75377810,3,0.9584371734697279,62,383,453,False,False
76923707,16,0.48247119427453167,124,470,463,False,False
76987466,10,0.7177846633836723,112,168,167,False,False
80340568,14,0.570613961358179,137,349,359,False,False
80342205,15,0.5018674796512633,142,487,498,False,False
80427253,14,0.5383059059780204,130,680,686,False,False
77005811,9,0.7290407119392986,119,348,349,False,False
79172136,14,0.44564008473224426,122,902,893,False,False
79282952,14,0.49612382537144284,133,806,818,False,False
79325634,5,0.8636399428621663,76,485,462,False,False
79354962,6,0.7919102090979746,127,225,234,False,False
79395764,14,0.5228677837712449,132,507,501,False,False
79398126,7,0.7881168037233344,82,396,375,False,False
79403675,7,0.9852579836994155,117,17,22,False,False
79405368,15,0.568985845134361,132,359,363,False,False
79405578,4,0.9294277725076157,55,301,246,False,False
79424904,17,0.4556996544293881,137,771,770,False,False
79569274,14,0.43405597285542097,87,940,934,False,False
80080784,5,0.8787855021910438,125,597,620,False,False
80260513,6,0.891564921864908,114,296,300,False,False
80314959,14,0.5287416879617962,126,514,512,False,False
80339388,11,0.5471570244643723,118,547,535,False,False
80427281,7,0.9469156929990499,133,2,5,True,True
80427599,14,0.5507641873883405,137,423,437,False,False
80427634,19,0.5693657145357737,138,210,213,False,False
80430264,16,0.5215071006779898,136,322,327,False,False
92364863,10,0.5108819305651001,48,818,677,False,False
92442172,13,0.46589134577295743,121,793,774,False,False
92451349,15,0.4903443245125576,130,690,681,False,False
80430430,15,0.5356880567164843,121,496,492,False,False
80438267,14,0.5367875447308177,140,655,677,False,False
80438901,12,0.5879249670665233,122,369,366,False,False
80509361,20,0.47193278370800484,134,297,304,False,False
92452841,13,0.5594226815942294,99,440,392,False,False
92497469,9,0.7332220047185557,112,78,74,False,False
92706840,7,0.789594239831878,61,193,154,False,False
80510666,18,0.5825372864413875,137,200,202,False,False
8196402,15,0.7342740302084161,121,6,5,True,True
89002990,10,0.5736207758674006,134,720,720,False,False
89018360,14,0.6995784912435342,129,34,35,False,False
92196301,10,0.6572510694015575,142,178,189,False,False
92228046,12,0.5613578257459608,143,680,688,False,False
92258567,15,0.5032732870177109,129,679,678,False,False
92364700,12,0.5510543015309106,137,400,404,False,False
92731064,14,0.6308147341393514,141,200,204,False,False
92734713,17,0.4217473333222155,126,874,861,False,False
92994093,11,0.5550240759908821,92,783,795,False,False
92995003,5,0.9184429453466038,94,180,201,False,False
89020549,22,0.47077556623246686,143,316,330,False,False
89021585,22,0.47384107682854837,142,312,311,False,False
92130019,16,0.5240764054071956,113,415,401,False,False
92131593,10,0.6711621492598817,124,395,393,False,False
98672920,12,0.5188603221345811,86,655,645,False,False
98678529,9,0.686965146861262,89,455,466,False,False
9699512,13,0.648966358112054,127,151,155,False,False
97409519,11,0.8013191270953907,136,9,11,True,False
97410755,10,0.6522163855318491,103,314,301,False,False
97469879,8,0.7210242461734155,57,160,138,False,False
98665166,9,0.7659116420220478,96,158,161,False,False
98666609,15,0.5483827036014214,91,634,634,False,False
98666650,12,0.5614954651345887,91,548,553,False,False
98672854,6,0.9136982538383654,85,189,200,False,False
97475019,12,0.5194937779165315,89,785,786,False,False
9788918,17,0.4821905744077428,123,540,533,False,False
98609758,8,0.7803372970486412,67,153,138,False,False
98659013,16,0.40549188343042,90,970,975,False,False
