tic,P,Rp,b,k_inj,k_host,obs_R,fap_contaminated,fap_clean,ge_contaminated,ge_clean,gate_contaminated,gate_clean,n_transits
268765642,0.5,2,0.0,4,2,0.9561548097644316,0.41358641358641357,0.31868131868131866,413,318,False,False,36
114918596,0.5,2,0.6,5,4,0.9186367244924195,0.6153846153846154,0.4865134865134865,615,486,False,False,51
251828912,0.5,2,0.3,13,1,0.9285467285308391,0.003996003996003996,0.1968031968031968,3,196,True,False,50
100123131,0.5,4,0.6,3,1,0.9989926669017092,0.21078921078921078,0.1878121878121878,210,187,False,False,100
160113035,0.5,4,0.0,48,0,0.9934751407632382,0.000999000999000999,0.004995004995004995,0,4,True,True,50
199729914,0.5,2,0.0,68,0,0.9963424005813367,0.000999000999000999,0.15084915084915085,0,150,True,False,100
115693639,0.5,4,0.3,47,0,0.9950112343517631,0.000999000999000999,0.003996003996003996,0,3,True,True,50
150104808,0.5,2,0.6,8,7,0.8005371301907823,0.02097902097902098,0.023976023976023976,20,23,False,False,157
375059160,0.5,1,0.0,4,4,0.9698306880182517,0.3066933066933067,0.3306693306693307,306,330,False,False,157
150274632,0.5,2,0.3,5,5,0.8905348665713303,0.3906093906093906,0.41058941058941056,390,410,False,False,157
248955543,0.5,8,0.0,32,1,0.9946831936316871,0.000999000999000999,0.2137862137862138,0,213,True,False,36
279091054,0.5,4,0.6,5,3,0.9118308036175792,0.5174825174825175,0.6313686313686314,517,631,False,False,100
40182390,0.5,8,0.6,32,1,0.9973854888968882,0.000999000999000999,0.11188811188811189,0,111,True,False,36
3836364,0.5,8,0.3,31,0,0.9620879455554613,0.000999000999000999,0.005994005994005994,0,5,True,True,36
161174069,0.5,8,0.0,49,2,0.9600893725465643,0.000999000999000999,0.09490509490509491,0,94,True,False,51
228507309,0.5,12,0.3,32,0,0.9565268824274384,0.000999000999000999,0.000999000999000999,0,0,True,True,50
70776480,0.5,8,0.6,46,0,0.9899339608552032,0.000999000999000999,0.11388611388611389,0,113,True,False,50
20923934,0.5,12,0.6,32,1,0.9939398408157833,0.000999000999000999,0.15884115884115885,0,158,True,False,36
389527466,0.5,12,0.0,48,1,0.9867621325017745,0.000999000999000999,0.13486513486513488,0,134,True,False,51
100101948,0.5,8,0.3,77,2,0.9954051896881678,0.000999000999000999,0.23376623376623376,0,233,True,False,100
218968119,0.5,12,0.0,47,0,0.9964375696742658,0.000999000999000999,0.007992007992007992,0,7,True,True,50
161376469,0.5,12,0.3,46,1,0.9756191271313563,0.000999000999000999,0.16283716283716285,0,162,True,False,50
231009108,1.0,2,0.6,3,0,0.9474472184964065,0.43756243756243757,0.000999000999000999,437,0,False,True,25
80342205,1.0,2,0.3,3,0,0.9908998589426645,0.3026973026973027,0.01998001998001998,302,19,False,False,25
369219815,1.0,2,0.3,3,1,0.9774579823101378,0.36163836163836166,0.16183816183816183,361,161,False,False,26
115043101,1.0,4,0.0,25,1,0.8796364620083431,0.000999000999000999,0.34665334665334663,0,346,True,False,26
327939708,1.0,4,0.3,23,0,0.985997614105848,0.000999000999000999,0.015984015984015984,0,15,True,False,25
231668630,1.0,4,0.6,19,0,0.9580342667335688,0.000999000999000999,0.08291708291708291,0,82,True,False,26
325338671,1.0,4,0.0,27,0,0.7662783469746431,0.001998001998001998,0.06393606393606394,1,63,True,False,26
139844443,1.0,4,0.6,24,0,0.9764099896500199,0.000999000999000999,0.1018981018981019,0,101,True,False,26
150270977,1.0,1,0.0,2,2,1.0,0.1958041958041958,0.1918081918081918,195,191,False,False,79
207090424,1.0,8,0.0,29,0,0.761447905088285,0.000999000999000999,0.06893106893106893,0,68,True,False,25
401986029,1.0,8,0.3,23,0,0.933298067907403,0.000999000999000999,0.006993006993006993,0,6,True,True,25
219317391,1.0,8,0.0,25,1,0.9366317552492016,0.000999000999000999,0.5544455544455544,0,554,True,False,26
231912935,1.0,4,0.3,47,3,0.986542743653003,0.000999000999000999,0.3756243756243756,0,375,True,False,54
150390619,0.5,12,0.6,130,1,0.9693854749484617,0.000999000999000999,0.4675324675324675,0,467,True,False,157
270269007,1.0,12,0.3,24,0,0.990040782931492,0.000999000999000999,0.04695304695304695,0,46,True,False,25
355508749,1.0,12,0.0,27,0,0.8304873328284733,0.000999000999000999,0.055944055944055944,0,55,True,False,25
278990983,1.0,8,0.3,38,1,0.9385284417829799,0.000999000999000999,0.21078921078921078,0,210,True,False,50
219334689,1.0,8,0.6,53,5,0.7652756301412759,0.000999000999000999,0.7812187812187812,0,781,True,False,50
66410290,1.0,12,0.0,26,0,0.8672081058906487,0.000999000999000999,0.006993006993006993,0,6,True,True,25
41898474,1.0,12,0.3,4,4,0.9924949772433106,0.13986013986013987,0.15784215784215785,139,157,False,False,50
149993861,1.0,8,0.6,73,2,0.793356499217264,0.000999000999000999,0.6533466533466533,0,653,True,False,79
197978738,2.0,2,0.0,2,0,0.9756608402101912,0.35664335664335667,0.001998001998001998,356,1,False,True,13
207174734,1.0,12,0.6,40,0,0.893125319068777,0.000999000999000999,0.08491508491508491,0,84,True,False,50
200746541,2.0,2,0.3,2,0,1.0,0.12787212787212787,0.08691308691308691,127,86,False,False,9
92497469,2.0,2,0.3,4,2,0.9742682357672863,0.08691308691308691,0.12687312687312688,86,126,False,False,13
12787544,2.0,2,0.6,7,1,0.8778079933978987,0.4255744255744256,0.16783216783216784,425,167,False,False,13
24696180,1.0,12,0.6,50,3,0.8761421740392679,0.000999000999000999,0.7712287712287712,0,771,True,False,54
270481071,2.0,2,0.6,3,0,0.9996458616121757,0.2047952047952048,0.017982017982017984,204,17,False,False,13
293525326,2.0,4,0.0,12,1,0.9905413988629608,0.000999000999000999,0.061938061938061936,0,61,True,False,13
144434171,2.0,4,0.3,13,2,0.9359777397394919,0.000999000999000999,0.3256743256743257,0,325,True,False,13
279318109,2.0,1,0.6,8,8,0.789467479506918,0.6363636363636364,0.6473526473526473,636,647,False,False,40
317088106,2.0,4,0.6,13,1,0.9712405543610617,0.000999000999000999,0.14185814185814186,0,141,True,False,13
219334470,2.0,4,0.0,11,0,0.9775203344742479,0.001998001998001998,0.008991008991008992,1,8,True,True,13
267090033,2.0,4,0.3,8,2,0.874521899318248,0.1958041958041958,0.5954045954045954,195,595,False,False,13
164768954,2.0,8,0.6,8,1,0.9785488291673778,0.003996003996003996,0.33266733266733267,3,332,True,False,9
155986202,2.0,4,0.6,12,0,0.9883472752724284,0.000999000999000999,0.011988011988011988,0,11,True,False,13
469939625,2.0,8,0.0,12,2,0.9681940299695847,0.000999000999000999,0.4115884115884116,0,411,True,False,13
284083051,2.0,8,0.0,9,0,0.9209900650361688,0.01998001998001998,0.005994005994005994,19,5,False,True,9
251885542,2.0,8,0.3,15,0,0.8853723659129716,0.001998001998001998,0.001998001998001998,1,1,True,True,13
308209064,2.0,12,0.0,12,0,0.9839892894968489,0.000999000999000999,0.003996003996003996,0,3,True,True,13
231704229,2.0,12,0.3,19,1,0.7179629855469724,0.008991008991008992,0.34265734265734266,8,342,True,False,13
114918596,2.0,12,0.3,16,4,0.8241326147572058,0.000999000999000999,0.5404595404595405,0,540,True,False,13
268765642,2.0,12,0.6,11,2,0.8223825543321408,0.026973026973026972,0.5114885114885115,26,511,False,False,9
199729914,2.0,12,0.6,26,0,0.8372320605116845,0.000999000999000999,0.25374625374625376,0,253,True,False,25
375059160,2.0,8,0.6,30,4,0.9897333532699499,0.000999000999000999,0.3276723276723277,0,327,True,False,40
115693639,4.0,2,0.0,2,0,0.9733765434473807,0.4125874125874126,0.005994005994005994,412,5,False,True,7
150359212,2.0,8,0.3,34,4,0.9134546526695488,0.000999000999000999,0.6963036963036963,0,696,True,False,40
248955543,4.0,2,0.6,2,1,1.0,0.16883116883116883,0.16283716283716285,168,162,False,False,5
150274632,2.0,12,0.0,18,5,0.9339584498309439,0.000999000999000999,0.47952047952047955,0,479,True,False,40
279091054,4.0,2,0.3,3,3,0.9999933921056866,0.18081918081918083,0.1798201798201798,180,179,False,False,13
150104808,4.0,1,0.3,7,7,0.8073530208306928,0.017982017982017984,0.017982017982017984,17,17,False,False,20
3836364,4.0,4,0.0,5,0,0.9515269905605187,0.16983016983016982,0.004995004995004995,169,4,False,True,5
20923934,4.0,4,0.3,5,1,0.9300330283353511,0.22877122877122877,0.24575424575424576,228,245,False,False,5
161174069,4.0,2,0.6,3,2,0.9486155770251881,0.3006993006993007,0.13886113886113885,300,138,False,False,7
389527466,4.0,4,0.6,5,1,0.9774016617250773,0.22477522477522477,0.19080919080919082,224,190,False,False,7
70776480,4.0,4,0.3,6,0,0.9889696206164956,0.027972027972027972,0.12387612387612387,27,123,False,False,7
218968119,4.0,4,0.6,8,0,0.8790395519162628,0.1968031968031968,0.000999000999000999,196,0,False,True,7
11645778,4.0,8,0.0,5,0,0.9561186885097354,0.16583416583416583,0.003996003996003996,165,3,False,True,5
259472825,4.0,8,0.3,4,0,0.9994096228298198,0.04595404595404595,0.004995004995004995,45,4,False,True,5
161376469,4.0,8,0.0,8,1,0.8562074044500017,0.1068931068931069,0.2217782217782218,106,221,False,False,7
218972061,4.0,8,0.6,6,0,0.9885061067496104,0.002997002997002997,0.04195804195804196,2,41,True,False,7
219221780,4.0,12,0.6,4,0,0.9775870595611791,0.17682317682317683,0.11488511488511488,176,114,False,False,5
155895287,4.0,12,0.3,7,0,0.9740281941033035,0.05194805194805195,0.000999000999000999,51,0,False,True,7
231009108,4.0,12,0.3,7,0,0.9703109234725747,0.008991008991008992,0.002997002997002997,8,2,True,True,7
80342205,4.0,12,0.0,8,0,0.9567338998147388,0.054945054945054944,0.022977022977022976,54,22,False,False,7
183594608,4.0,12,0.0,12,0,0.9696828037923056,0.000999000999000999,0.09490509490509491,0,94,True,False,13
169266000,4.0,12,0.6,8,0,0.9653379976397797,0.024975024975024976,0.055944055944055944,24,55,False,False,7
150270977,4.0,8,0.6,16,2,0.9520972547192496,0.000999000999000999,0.3996003996003996,0,399,True,False,20
150390619,4.0,8,0.3,18,1,0.9498091593310279,0.000999000999000999,0.5024975024975025,0,502,True,False,20
370233036,8.0,1,0.3,2,2,1.0,0.11988011988011989,0.11588411588411589,119,115,False,False,4
139844443,8.0,2,0.3,2,0,1.0,0.18981018981018982,0.06493506493506493,189,64,False,False,4
270269007,8.0,4,0.0,3,0,0.9928967964154887,0.21678321678321677,0.04195804195804196,216,41,False,False,4
355508749,8.0,4,0.6,3,0,0.9918659254301636,0.21678321678321677,0.03496503496503497,216,34,False,False,4
231912935,8.0,2,0.0,3,3,0.978632017957511,0.4085914085914086,0.4145854145854146,408,414,False,False,7
278990983,8.0,4,0.0,2,1,1.0,0.1878121878121878,0.11288711288711288,187,112,False,False,7
66410290,8.0,4,0.6,3,0,0.9920561792013232,0.25574425574425574,0.002997002997002997,255,2,False,True,4
219334689,8.0,4,0.3,11,5,0.7273595508591352,0.44555444555444557,0.8191808191808192,445,819,False,False,7
207174734,8.0,4,0.3,6,0,0.9841735286579429,0.07092907092907093,0.04695304695304695,70,46,False,False,7
410253041,8.0,8,0.0,5,0,0.9641495343703821,0.13686313686313686,0.002997002997002997,136,2,False,True,4
149993861,8.0,2,0.3,8,2,0.9397947379720477,0.11788211788211789,0.5704295704295704,117,570,False,False,10
41898474,8.0,8,0.0,4,4,0.9940731315250806,0.13986013986013987,0.13386613386613386,139,133,False,False,7
421937394,8.0,8,0.6,4,1,0.9600165935788496,0.17082917082917082,0.34465534465534464,170,344,False,False,4
197978738,8.0,12,0.6,4,0,0.9672133446313784,0.10789210789210789,0.000999000999000999,107,0,False,True,4
254302983,8.0,12,0.3,5,1,0.8922724165788988,0.42957042957042957,0.1928071928071928,429,192,False,False,4
24696180,8.0,8,0.3,10,3,0.8440614608433832,0.09090909090909091,0.7842157842157842,90,784,False,False,7
92497469,8.0,12,0.0,6,2,0.8913570639268358,0.12287712287712288,0.5194805194805194,122,519,False,False,4
12787544,8.0,12,0.3,5,1,0.9750015856322889,0.07692307692307693,0.13486513486513488,76,134,False,False,4
144434171,16.0,1,0.0,3,2,0.9027727383971652,0.47952047952047955,0.3516483516483517,479,351,False,False,2
279318109,8.0,8,0.3,16,8,0.6899330409029933,0.06393606393606394,0.9400599400599401,63,940,False,False,10
267090033,16.0,2,0.0,2,2,0.0,1.0,1.0,1000,1000,False,False,2
231840839,8.0,12,0.6,5,1,0.9589072127867612,0.056943056943056944,0.2857142857142857,56,285,False,False,7
469939625,16.0,2,0.6,2,2,0.9108098547511851,0.5544455544455544,0.5724275724275725,554,572,False,False,2
164768954,16.0,2,0.3,2,1,1.0,0.16183816183816183,0.13186813186813187,161,131,False,False,2
268765642,16.0,8,0.3,3,2,0.9999541617694763,0.12987012987012986,0.17782217782217782,129,177,False,False,2
114918596,16.0,8,0.0,7,4,0.7467877605844588,0.7942057942057942,0.5434565434565435,794,543,False,False,2
251828912,16.0,8,0.6,2,1,0.9885120156490452,0.20279720279720279,0.15784215784215785,202,157,False,False,2
199729914,16.0,4,0.3,3,0,0.9920321351685839,0.20679320679320679,0.23476523476523475,206,234,False,False,4
150359212,16.0,2,0.0,7,4,0.955664295337794,0.08391608391608392,0.4945054945054945,83,494,False,False,5
375059160,16.0,4,0.3,6,4,0.9653488082394782,0.11888111888111888,0.5034965034965035,118,503,False,False,5
115693639,16.0,12,0.6,3,0,0.9871480684230024,0.24175824175824176,0.005994005994005994,241,5,False,True,2
248955543,16.0,12,0.3,2,1,0.9999999999999999,0.13386613386613386,0.16983016983016982,133,169,False,False,2
150274632,16.0,4,0.6,5,5,0.8905348665713303,0.41058941058941056,0.4165834165834166,410,416,False,False,5
150104808,16.0,8,0.0,7,7,0.8073530208306928,0.025974025974025976,0.01998001998001998,25,19,False,False,5
100123131,16.0,12,0.0,5,1,0.9871153805230505,0.056943056943056944,0.23576423576423577,56,235,False,False,4
279091054,16.0,12,0.0,8,3,0.7562933209807488,0.5224775224775224,0.7782217782217782,522,778,False,False,4
100101948,16.0,12,0.6,3,2,0.9971605445084559,0.13986013986013987,0.2547452547452547,139,254,False,False,4
